0,1,2,3,4,5
73.7441603450852,73.7441603450852,73.7441603450852,73.7441603450852,73.7441603450852,73.7441603450852
77.9359324809909,77.9359324809909,77.9359324809909,77.9359324809909,77.9359324809909,77.9359324809909
80.69169510084734,80.69169510084734,80.69169510084734,80.69169510084734,80.69169510084734,80.69169510084734
84.18000809327822,84.18000809327822,84.18000809327822,84.18000809327822,84.18000809327822,84.18000809327822
85.01491916202816,85.01491916202816,85.01491916202816,85.01491916202816,85.01491916202816,85.01491916202816
85.70586867905674,85.70586867905674,85.70586867905674,85.70586867905674,85.70586867905674,85.70586867905674
84.7568908697071,84.7568908697071,84.7568908697071,84.7568908697071,84.7568908697071,84.7568908697071
84.24812652360328,84.24812652360328,84.24812652360328,84.24812652360328,84.24812652360328,84.24812652360328
81.89293279928583,81.89293279928583,81.89293279928583,81.89293279928583,81.89293279928583,81.89293279928583
77.34105047900331,77.34105047900331,77.34105047900331,77.34105047900331,77.34105047900331,77.34105047900331
73.32630035183459,73.32630035183459,73.32630035183459,73.32630035183459,73.32630035183459,73.32630035183459
70.2991855737315,70.2991855737315,70.2991855737315,70.2991855737315,70.2991855737315,70.2991855737315
64.06153064548998,64.06153064548998,64.06153064548998,64.06153064548998,64.06153064548998,64.06153064548998
58.28911266371484,58.28911266371484,58.28911266371484,58.28911266371484,58.28911266371484,58.28911266371484
51.279292386958126,51.279292386958126,51.279292386958126,51.279292386958126,51.279292386958126,51.279292386958126
43.123280759276106,43.123280759276106,43.123280759276106,43.123280759276106,43.123280759276106,43.123280759276106
35.87276218868427,35.87276218868427,35.87276218868427,35.87276218868427,35.87276218868427,35.87276218868427
27.81456365638812,27.81456365638812,27.81456365638812,27.81456365638812,27.81456365638812,27.81456365638812
18.83209236415847,18.83209236415847,18.83209236415847,18.83209236415847,18.83209236415847,18.83209236415847
10.86729186912263,10.86729186912263,10.86729186912263,10.86729186912263,10.86729186912263,10.86729186912263
2.464574014993268,2.464574014993268,2.464574014993268,2.464574014993268,2.464574014993268,2.464574014993268
-7.002004149939817,-7.002004149939817,-7.002004149939817,-7.002004149939817,-7.002004149939817,-7.002004149939817
-16.351678461240805,-16.351678461240805,-16.351678461240805,-16.351678461240805,-16.351678461240805,-16.351678461240805
-25.584068153086044,-25.584068153086044,-25.584068153086044,-25.584068153086044,-25.584068153086044,-25.584068153086044
-35.34748040384642,-35.34748040384642,-35.34748040384642,-35.34748040384642,-35.34748040384642,-35.34748040384642
-44.65503141929093,-44.65503141929093,-44.65503141929093,-44.65503141929093,-44.65503141929093,-44.65503141929093
-52.939314775396355,-52.939314775396355,-52.939314775396355,-52.939314775396355,-52.939314775396355,-52.939314775396355
-61.590519987894325,-61.590519987894325,-61.590519987894325,-61.590519987894325,-61.590519987894325,-61.590519987894325
-71.19731422696175,-71.19731422696175,-71.19731422696175,-71.19731422696175,-71.19731422696175,-71.19731422696175
-79.9243756254464,-79.9243756254464,-79.9243756254464,-79.9243756254464,-79.9243756254464,-79.9243756254464
-86.69420139278918,-86.69420139278918,-86.69420139278918,-86.69420139278918,-86.69420139278918,-86.69420139278918
-94.63544489514032,-94.63544489514032,-94.63544489514032,-94.63544489514032,-94.63544489514032,-94.63544489514032
-101.78843767465983,-101.78843767465983,-101.78843767465983,-101.78843767465983,-101.78843767465983,-101.78843767465983
-108.39322970966295,-108.39322970966295,-108.39322970966295,-108.39322970966295,-108.39322970966295,-108.39322970966295
-114.19227926170473,-114.19227926170473,-114.19227926170473,-114.19227926170473,-114.19227926170473,-114.19227926170473
-120.73030802241908,-120.73030802241908,-120.73030802241908,-120.73030802241908,-120.73030802241908,-120.73030802241908
-126.43972296030869,-126.43972296030869,-126.43972296030869,-126.43972296030869,-126.43972296030869,-126.43972296030869
-132.0691269677441,-132.0691269677441,-132.0691269677441,-132.0691269677441,-132.0691269677441,-132.0691269677441
-135.86001939587877,-135.86001939587877,-135.86001939587877,-135.86001939587877,-135.86001939587877,-135.86001939587877
-139.37636964782763,-139.37636964782763,-139.37636964782763,-139.37636964782763,-139.37636964782763,-139.37636964782763
-143.02007643931293,-143.02007643931293,-143.02007643931293,-143.02007643931293,-143.02007643931293,-143.02007643931293
-145.83515514849068,-145.83515514849068,-145.83515514849068,-145.83515514849068,-145.83515514849068,-145.83515514849068
-148.28354397393636,-148.28354397393636,-148.28354397393636,-148.28354397393636,-148.28354397393636,-148.28354397393636
-150.6141253861996,-150.6141253861996,-150.6141253861996,-150.6141253861996,-150.6141253861996,-150.6141253861996
-152.65619268280957,-152.65619268280957,-152.65619268280957,-152.65619268280957,-152.65619268280957,-152.65619268280957
-153.87675332155922,-153.87675332155922,-153.87675332155922,-153.87675332155922,-153.87675332155922,-153.87675332155922
-155.1079175907232,-155.1079175907232,-155.1079175907232,-155.1079175907232,-155.1079175907232,-155.1079175907232
-157.32586633803874,-157.32586633803874,-157.32586633803874,-157.32586633803874,-157.32586633803874,-157.32586633803874
-157.0639847041087,-157.0639847041087,-157.0639847041087,-157.0639847041087,-157.0639847041087,-157.0639847041087
-156.9784484545584,-156.9784484545584,-156.9784484545584,-156.9784484545584,-156.9784484545584,-156.9784484545584
-157.26664548328876,-157.26664548328876,-157.26664548328876,-157.26664548328876,-157.26664548328876,-157.26664548328876
-158.87675041076383,-158.87675041076383,-158.87675041076383,-158.87675041076383,-158.87675041076383,-158.87675041076383
-157.43216554494978,-157.43216554494978,-157.43216554494978,-157.43216554494978,-157.43216554494978,-157.43216554494978
-157.70819959001628,-157.70819959001628,-157.70819959001628,-157.70819959001628,-157.70819959001628,-157.70819959001628
-158.34466465911578,-158.34466465911578,-158.34466465911578,-158.34466465911578,-158.34466465911578,-158.34466465911578
-157.12147600576452,-157.12147600576452,-157.12147600576452,-157.12147600576452,-157.12147600576452,-157.12147600576452
-157.3108237558563,-157.3108237558563,-157.3108237558563,-157.3108237558563,-157.3108237558563,-157.3108237558563
-157.6168997408946,-157.6168997408946,-157.6168997408946,-157.6168997408946,-157.6168997408946,-157.6168997408946
-159.20624930522013,-159.20624930522013,-159.20624930522013,-159.20624930522013,-159.20624930522013,-159.20624930522013
-159.53817359239346,-159.53817359239346,-159.53817359239346,-159.53817359239346,-159.53817359239346,-159.53817359239346
-160.21978652723112,-160.21978652723112,-160.21978652723112,-160.21978652723112,-160.21978652723112,-160.21978652723112
-161.1407896477351,-161.1407896477351,-161.1407896477351,-161.1407896477351,-161.1407896477351,-161.1407896477351
-161.9808585835363,-161.9808585835363,-161.9808585835363,-161.9808585835363,-161.9808585835363,-161.9808585835363
-163.38683240972753,-163.38683240972753,-163.38683240972753,-163.38683240972753,-163.38683240972753,-163.38683240972753
-166.7606272872886,-166.7606272872886,-166.7606272872886,-166.7606272872886,-166.7606272872886,-166.7606272872886
-167.90475008930335,-167.90475008930335,-167.90475008930335,-167.90475008930335,-167.90475008930335,-167.90475008930335
-171.72027319846535,-171.72027319846535,-171.72027319846535,-171.72027319846535,-171.72027319846535,-171.72027319846535
-174.87494240431784,-174.87494240431784,-174.87494240431784,-174.87494240431784,-174.87494240431784,-174.87494240431784
-177.47020448211558,-177.47020448211558,-177.47020448211558,-177.47020448211558,-177.47020448211558,-177.47020448211558
-180.89667979636195,-180.89667979636195,-180.89667979636195,-180.89667979636195,-180.89667979636195,-180.89667979636195
-185.03370472856696,-185.03370472856696,-185.03370472856696,-185.03370472856696,-185.03370472856696,-185.03370472856696
-189.2633329097923,-189.2633329097923,-189.2633329097923,-189.2633329097923,-189.2633329097923,-189.2633329097923
-194.5455022188672,-194.5455022188672,-194.5455022188672,-194.5455022188672,-194.5455022188672,-194.5455022188672
-197.87986967745786,-197.87986967745786,-197.87986967745786,-197.87986967745786,-197.87986967745786,-197.87986967745786
-204.14816146520528,-204.14816146520528,-204.14816146520528,-204.14816146520528,-204.14816146520528,-204.14816146520528
-209.1272879329609,-209.1272879329609,-209.1272879329609,-209.1272879329609,-209.1272879329609,-209.1272879329609
-213.26779938988548,-213.26779938988548,-213.26779938988548,-213.26779938988548,-213.26779938988548,-213.26779938988548
-219.16277226753613,-219.16277226753613,-219.16277226753613,-219.16277226753613,-219.16277226753613,-219.16277226753613
-225.08494565452006,-225.08494565452006,-225.08494565452006,-225.08494565452006,-225.08494565452006,-225.08494565452006
-229.69146651840367,-229.69146651840367,-229.69146651840367,-229.69146651840367,-229.69146651840367,-229.69146651840367
-234.5270255174864,-234.5270255174864,-234.5270255174864,-234.5270255174864,-234.5270255174864,-234.5270255174864
-239.78902684805297,-239.78902684805297,-239.78902684805297,-239.78902684805297,-239.78902684805297,-239.78902684805297
-243.86886496740388,-243.86886496740388,-243.86886496740388,-243.86886496740388,-243.86886496740388,-243.86886496740388
-248.35461977909947,-248.35461977909947,-248.35461977909947,-248.35461977909947,-248.35461977909947,-248.35461977909947
-253.54291250401667,-253.54291250401667,-253.54291250401667,-253.54291250401667,-253.54291250401667,-253.54291250401667
-258.2181297687129,-258.2181297687129,-258.2181297687129,-258.2181297687129,-258.2181297687129,-258.2181297687129
-260.81652946158783,-260.81652946158783,-260.81652946158783,-260.81652946158783,-260.81652946158783,-260.81652946158783
-263.6163132588377,-263.6163132588377,-263.6163132588377,-263.6163132588377,-263.6163132588377,-263.6163132588377
-268.07883430882265,-268.07883430882265,-268.07883430882265,-268.07883430882265,-268.07883430882265,-268.07883430882265
-270.10118264869476,-270.10118264869476,-270.10118264869476,-270.10118264869476,-270.10118264869476,-270.10118264869476
-271.2702343610101,-271.2702343610101,-271.2702343610101,-271.2702343610101,-271.2702343610101,-271.2702343610101
-272.15687476807994,-272.15687476807994,-272.15687476807994,-272.15687476807994,-272.15687476807994,-272.15687476807994
-272.75443452933354,-272.75443452933354,-272.75443452933354,-272.75443452933354,-272.75443452933354,-272.75443452933354
-272.4555486751147,-272.4555486751147,-272.4555486751147,-272.4555486751147,-272.4555486751147,-272.4555486751147
-270.0231496277386,-270.0231496277386,-270.0231496277386,-270.0231496277386,-270.0231496277386,-270.0231496277386
-268.81749024475045,-268.81749024475045,-268.81749024475045,-268.81749024475045,-268.81749024475045,-268.81749024475045
-265.7820864105703,-265.7820864105703,-265.7820864105703,-265.7820864105703,-265.7820864105703,-265.7820864105703
-263.14782985586345,-263.14782985586345,-263.14782985586345,-263.14782985586345,-263.14782985586345,-263.14782985586345
-258.6332358379302,-258.6332358379302,-258.6332358379302,-258.6332358379302,-258.6332358379302,-258.6332358379302
-253.023646884484,-253.023646884484,-253.023646884484,-253.023646884484,-253.023646884484,-253.023646884484
-247.6155619743284,-247.6155619743284,-247.6155619743284,-247.6155619743284,-247.6155619743284,-247.6155619743284
-240.83211635103308,-240.83211635103308,-240.83211635103308,-240.83211635103308,-240.83211635103308,-240.83211635103308
-234.18024333891242,-234.18024333891242,-234.18024333891242,-234.18024333891242,-234.18024333891242,-234.18024333891242
-223.85311094509697,-223.85311094509697,-223.85311094509697,-223.85311094509697,-223.85311094509697,-223.85311094509697
-215.6152043005638,-215.6152043005638,-215.6152043005638,-215.6152043005638,-215.6152043005638,-215.6152043005638
-207.7579086247396,-207.7579086247396,-207.7579086247396,-207.7579086247396,-207.7579086247396,-207.7579086247396
-197.42677743410556,-197.42677743410556,-197.42677743410556,-197.42677743410556,-197.42677743410556,-197.42677743410556
-185.6797488938754,-185.6797488938754,-185.6797488938754,-185.6797488938754,-185.6797488938754,-185.6797488938754
-174.79142405719602,-174.79142405719602,-174.79142405719602,-174.79142405719602,-174.79142405719602,-174.79142405719602
-161.6977544991673,-161.6977544991673,-161.6977544991673,-161.6977544991673,-161.6977544991673,-161.6977544991673
-149.86489821440964,-149.86489821440964,-149.86489821440964,-149.86489821440964,-149.86489821440964,-149.86489821440964
-136.69758055096196,-136.69758055096196,-136.69758055096196,-136.69758055096196,-136.69758055096196,-136.69758055096196
-122.62988250728415,-122.62988250728415,-122.62988250728415,-122.62988250728415,-122.62988250728415,-122.62988250728415
-109.47355014258704,-109.47355014258704,-109.47355014258704,-109.47355014258704,-109.47355014258704,-109.47355014258704
-94.90200983124893,-94.90200983124893,-94.90200983124893,-94.90200983124893,-94.90200983124893,-94.90200983124893
-81.94436479658108,-81.94436479658108,-81.94436479658108,-81.94436479658108,-81.94436479658108,-81.94436479658108
-67.34947020128399,-67.34947020128399,-67.34947020128399,-67.34947020128399,-67.34947020128399,-67.34947020128399
-52.37018463407078,-52.37018463407078,-52.37018463407078,-52.37018463407078,-52.37018463407078,-52.37018463407078
-38.48348066883326,-38.48348066883326,-38.48348066883326,-38.48348066883326,-38.48348066883326,-38.48348066883326
-23.499717598011383,-23.499717598011383,-23.499717598011383,-23.499717598011383,-23.499717598011383,-23.499717598011383
-10.494753663254299,-10.494753663254299,-10.494753663254299,-10.494753663254299,-10.494753663254299,-10.494753663254299
3.6186984372154725,3.6186984372154725,3.6186984372154725,3.6186984372154725,3.6186984372154725,3.6186984372154725
17.72443334669095,17.72443334669095,17.72443334669095,17.72443334669095,17.72443334669095,17.72443334669095
31.191264902878732,31.191264902878732,31.191264902878732,31.191264902878732,31.191264902878732,31.191264902878732
43.980768539007094,43.980768539007094,43.980768539007094,43.980768539007094,43.980768539007094,43.980768539007094
57.065568912792244,57.065568912792244,57.065568912792244,57.065568912792244,57.065568912792244,57.065568912792244
67.38861911239407,67.38861911239407,67.38861911239407,67.38861911239407,67.38861911239407,67.38861911239407
78.79315128155041,78.79315128155041,78.79315128155041,78.79315128155041,78.79315128155041,78.79315128155041
89.67507758494766,89.67507758494766,89.67507758494766,89.67507758494766,89.67507758494766,89.67507758494766
99.00485365986593,99.00485365986593,99.00485365986593,99.00485365986593,99.00485365986593,99.00485365986593
109.04367905234521,109.04367905234521,109.04367905234521,109.04367905234521,109.04367905234521,109.04367905234521
117.43027205754731,117.43027205754731,117.43027205754731,117.43027205754731,117.43027205754731,117.43027205754731
125.77534998684123,125.77534998684123,125.77534998684123,125.77534998684123,125.77534998684123,125.77534998684123
133.92650549919543,133.92650549919543,133.92650549919543,133.92650549919543,133.92650549919543,133.92650549919543
139.26461322427932,139.26461322427932,139.26461322427932,139.26461322427932,139.26461322427932,139.26461322427932
145.18262470479638,145.18262470479638,145.18262470479638,145.18262470479638,145.18262470479638,145.18262470479638
149.78114542135384,149.78114542135384,149.78114542135384,149.78114542135384,149.78114542135384,149.78114542135384
154.62912002084417,154.62912002084417,154.62912002084417,154.62912002084417,154.62912002084417,154.62912002084417
157.26993783318198,157.26993783318198,157.26993783318198,157.26993783318198,157.26993783318198,157.26993783318198
160.1434436256928,160.1434436256928,160.1434436256928,160.1434436256928,160.1434436256928,160.1434436256928
161.65662185038443,161.65662185038443,161.65662185038443,161.65662185038443,161.65662185038443,161.65662185038443
161.92150729563906,161.92150729563906,161.92150729563906,161.92150729563906,161.92150729563906,161.92150729563906
162.45433902579944,162.45433902579944,162.45433902579944,162.45433902579944,162.45433902579944,162.45433902579944
163.51005248524822,163.51005248524822,163.51005248524822,163.51005248524822,163.51005248524822,163.51005248524822
161.63003494687072,161.63003494687072,161.63003494687072,161.63003494687072,161.63003494687072,161.63003494687072
161.27168778826416,161.27168778826416,161.27168778826416,161.27168778826416,161.27168778826416,161.27168778826416
159.66990204766225,159.66990204766225,159.66990204766225,159.66990204766225,159.66990204766225,159.66990204766225
155.84068623960226,155.84068623960226,155.84068623960226,155.84068623960226,155.84068623960226,155.84068623960226
153.58027657913124,153.58027657913124,153.58027657913124,153.58027657913124,153.58027657913124,153.58027657913124
151.25717487010624,151.25717487010624,151.25717487010624,151.25717487010624,151.25717487010624,151.25717487010624
147.3293103051487,147.3293103051487,147.3293103051487,147.3293103051487,147.3293103051487,147.3293103051487
143.9765631435011,143.9765631435011,143.9765631435011,143.9765631435011,143.9765631435011,143.9765631435011
139.21441648690617,139.21441648690617,139.21441648690617,139.21441648690617,139.21441648690617,139.21441648690617
136.20304392033324,136.20304392033324,136.20304392033324,136.20304392033324,136.20304392033324,136.20304392033324
131.64294024907522,131.64294024907522,131.64294024907522,131.64294024907522,131.64294024907522,131.64294024907522
128.46908673483097,128.46908673483097,128.46908673483097,128.46908673483097,128.46908673483097,128.46908673483097
125.06693216422109,125.06693216422109,125.06693216422109,125.06693216422109,125.06693216422109,125.06693216422109
120.82415075855263,120.82415075855263,120.82415075855263,120.82415075855263,120.82415075855263,120.82415075855263
115.60098129841603,115.60098129841603,115.60098129841603,115.60098129841603,115.60098129841603,115.60098129841603
109.88450820241928,109.88450820241928,109.88450820241928,109.88450820241928,109.88450820241928,109.88450820241928
107.0789534115393,107.0789534115393,107.0789534115393,107.0789534115393,107.0789534115393,107.0789534115393
104.25419737255551,104.25419737255551,104.25419737255551,104.25419737255551,104.25419737255551,104.25419737255551
100.87919221029205,100.87919221029205,100.87919221029205,100.87919221029205,100.87919221029205,100.87919221029205
95.8550995322299,95.8550995322299,95.8550995322299,95.8550995322299,95.8550995322299,95.8550995322299
94.6036197159988,94.6036197159988,94.6036197159988,94.6036197159988,94.6036197159988,94.6036197159988
90.64788975446962,90.64788975446962,90.64788975446962,90.64788975446962,90.64788975446962,90.64788975446962
89.28264935275536,89.28264935275536,89.28264935275536,89.28264935275536,89.28264935275536,89.28264935275536
87.17007708354797,87.17007708354797,87.17007708354797,87.17007708354797,87.17007708354797,87.17007708354797
85.41367892795866,85.41367892795866,85.41367892795866,85.41367892795866,85.41367892795866,85.41367892795866
84.33613321616278,84.33613321616278,84.33613321616278,84.33613321616278,84.33613321616278,84.33613321616278
82.37436929502257,82.37436929502257,82.37436929502257,82.37436929502257,82.37436929502257,82.37436929502257
81.39622620020779,81.39622620020779,81.39622620020779,81.39622620020779,81.39622620020779,81.39622620020779
80.35656446689202,80.35656446689202,80.35656446689202,80.35656446689202,80.35656446689202,80.35656446689202
80.23121002758273,80.23121002758273,80.23121002758273,80.23121002758273,80.23121002758273,80.23121002758273
79.91412138153277,79.91412138153277,79.91412138153277,79.91412138153277,79.91412138153277,79.91412138153277
78.97292864284472,78.97292864284472,78.97292864284472,78.97292864284472,78.97292864284472,78.97292864284472
79.3439471253957,79.3439471253957,79.3439471253957,79.3439471253957,79.3439471253957,79.3439471253957
79.21099149851713,79.21099149851713,79.21099149851713,79.21099149851713,79.21099149851713,79.21099149851713
77.92933167136334,77.92933167136334,77.92933167136334,77.92933167136334,77.92933167136334,77.92933167136334
78.38267055557266,78.38267055557266,78.38267055557266,78.38267055557266,78.38267055557266,78.38267055557266
77.8456723196114,77.8456723196114,77.8456723196114,77.8456723196114,77.8456723196114,77.8456723196114
76.75168276634548,76.75168276634548,76.75168276634548,76.75168276634548,76.75168276634548,76.75168276634548
76.41831086800725,76.41831086800725,76.41831086800725,76.41831086800725,76.41831086800725,76.41831086800725
75.87662419935509,75.87662419935509,75.87662419935509,75.87662419935509,75.87662419935509,75.87662419935509
75.09324408719036,75.09324408719036,75.09324408719036,75.09324408719036,75.09324408719036,75.09324408719036
74.49793949659032,74.49793949659032,74.49793949659032,74.49793949659032,74.49793949659032,74.49793949659032
72.25953429464033,72.25953429464033,72.25953429464033,72.25953429464033,72.25953429464033,72.25953429464033
70.83003809919943,70.83003809919943,70.83003809919943,70.83003809919943,70.83003809919943,70.83003809919943
68.49298290422179,68.49298290422179,68.49298290422179,68.49298290422179,68.49298290422179,68.49298290422179
66.02534089834414,66.02534089834414,66.02534089834414,66.02534089834414,66.02534089834414,66.02534089834414
62.52006761269875,62.52006761269875,62.52006761269875,62.52006761269875,62.52006761269875,62.52006761269875
58.164254031938384,58.164254031938384,58.164254031938384,58.164254031938384,58.164254031938384,58.164254031938384
55.151830615491264,55.151830615491264,55.151830615491264,55.151830615491264,55.151830615491264,55.151830615491264
48.9991648129305,48.9991648129305,48.9991648129305,48.9991648129305,48.9991648129305,48.9991648129305
44.27821327880091,44.27821327880091,44.27821327880091,44.27821327880091,44.27821327880091,44.27821327880091
37.01505173488748,37.01505173488748,37.01505173488748,37.01505173488748,37.01505173488748,37.01505173488748
29.77615870190348,29.77615870190348,29.77615870190348,29.77615870190348,29.77615870190348,29.77615870190348
23.720271237974565,23.720271237974565,23.720271237974565,23.720271237974565,23.720271237974565,23.720271237974565
14.12930126074282,14.12930126074282,14.12930126074282,14.12930126074282,14.12930126074282,14.12930126074282
5.81202734018787,5.81202734018787,5.81202734018787,5.81202734018787,5.81202734018787,5.81202734018787
-3.227938913884418,-3.227938913884418,-3.227938913884418,-3.227938913884418,-3.227938913884418,-3.227938913884418
-13.649794899685395,-13.649794899685395,-13.649794899685395,-13.649794899685395,-13.649794899685395,-13.649794899685395
-24.56422832654394,-24.56422832654394,-24.56422832654394,-24.56422832654394,-24.56422832654394,-24.56422832654394
-35.825380049912305,-35.825380049912305,-35.825380049912305,-35.825380049912305,-35.825380049912305,-35.825380049912305
-47.4011254126386,-47.4011254126386,-47.4011254126386,-47.4011254126386,-47.4011254126386,-47.4011254126386
,,,,,
,,,,,
,,,,,
,,,,,
,,,,,
,,,,,
,,,,,
,,,,,
,,,,,
,,,,,
,,,,,
,,,,,
,,,,,
,,,,,
,,,,,
,,,,,
,,,,,
,,,,,
,,,,,
,,,,,
,,,,,
,,,,,
,,,,,
,,,,,
,,,,,
,,,,,
,,,,,
,,,,,
,,,,,
,,,,,
,,,,,
,,,,,
,,,,,
,,,,,
,,,,,
,,,,,
,,,,,
,,,,,
,,,,,
,,,,,
,,,,,
,,,,,
,,,,,
,,,,,
,,,,,
,,,,,
,,,,,
,,,,,
,,,,,
,,,,,
,,,,,
,,,,,
,,,,,
,,,,,
,,,,,
,,,,,
,,,,,
,,,,,
,,,,,
,,,,,
,,,,,
,,,,,
,,,,,
,,,,,
,,,,,
,,,,,
,,,,,
,,,,,
,,,,,
,,,,,
,,,,,
,,,,,
,,,,,
,,,,,
,,,,,
,,,,,
,,,,,
,,,,,
,,,,,
,,,,,
,,,,,
,,,,,
,,,,,
,,,,,
,,,,,
,,,,,
-605.0552816379424,-605.0552816379424,-605.0552816379424,-605.0552816379424,-605.0552816379424,-605.0552816379424
-612.6481500905406,-612.6481500905406,-612.6481500905406,-612.6481500905406,-612.6481500905406,-612.6481500905406
-619.7470514134367,-619.7470514134367,-619.7470514134367,-619.7470514134367,-619.7470514134367,-619.7470514134367
-625.6307228381706,-625.6307228381706,-625.6307228381706,-625.6307228381706,-625.6307228381706,-625.6307228381706
-631.291612092902,-631.291612092902,-631.291612092902,-631.291612092902,-631.291612092902,-631.291612092902
-637.565069740601,-637.565069740601,-637.565069740601,-637.565069740601,-637.565069740601,-637.565069740601
-641.9779610881569,-641.9779610881569,-641.9779610881569,-641.9779610881569,-641.9779610881569,-641.9779610881569
-645.0558116482721,-645.0558116482721,-645.0558116482721,-645.0558116482721,-645.0558116482721,-645.0558116482721
-649.0942265953298,-649.0942265953298,-649.0942265953298,-649.0942265953298,-649.0942265953298,-649.0942265953298
-653.973395815482,-653.973395815482,-653.973395815482,-653.973395815482,-653.973395815482,-653.973395815482
-656.2057432192819,-656.2057432192819,-656.2057432192819,-656.2057432192819,-656.2057432192819,-656.2057432192819
-659.0619866051528,-659.0619866051528,-659.0619866051528,-659.0619866051528,-659.0619866051528,-659.0619866051528
-660.0537468322193,-660.0537468322193,-660.0537468322193,-660.0537468322193,-660.0537468322193,-660.0537468322193
-660.7162134788182,-660.7162134788182,-660.7162134788182,-660.7162134788182,-660.7162134788182,-660.7162134788182
-662.959740005743,-662.959740005743,-662.959740005743,-662.959740005743,-662.959740005743,-662.959740005743
-662.3490294240997,-662.3490294240997,-662.3490294240997,-662.3490294240997,-662.3490294240997,-662.3490294240997
-662.6202647602792,-662.6202647602792,-662.6202647602792,-662.6202647602792,-662.6202647602792,-662.6202647602792
-663.0381509848071,-663.0381509848071,-663.0381509848071,-663.0381509848071,-663.0381509848071,-663.0381509848071
-662.7556382518995,-662.7556382518995,-662.7556382518995,-662.7556382518995,-662.7556382518995,-662.7556382518995
-663.2798616481085,-663.2798616481085,-663.2798616481085,-663.2798616481085,-663.2798616481085,-663.2798616481085
-662.9113396960322,-662.9113396960322,-662.9113396960322,-662.9113396960322,-662.9113396960322,-662.9113396960322
-661.639606683542,-661.639606683542,-661.639606683542,-661.639606683542,-661.639606683542,-661.639606683542
-661.3776969707988,-661.3776969707988,-661.3776969707988,-661.3776969707988,-661.3776969707988,-661.3776969707988
-661.3123464493513,-661.3123464493513,-661.3123464493513,-661.3123464493513,-661.3123464493513,-661.3123464493513
-658.0167218206825,-658.0167218206825,-658.0167218206825,-658.0167218206825,-658.0167218206825,-658.0167218206825
-658.0504922355976,-658.0504922355976,-658.0504922355976,-658.0504922355976,-658.0504922355976,-658.0504922355976
-658.2410532188953,-658.2410532188953,-658.2410532188953,-658.2410532188953,-658.2410532188953,-658.2410532188953
-658.5506407578291,-658.5506407578291,-658.5506407578291,-658.5506407578291,-658.5506407578291,-658.5506407578291
-657.6573534207593,-657.6573534207593,-657.6573534207593,-657.6573534207593,-657.6573534207593,-657.6573534207593
-658.2570315676634,-658.2570315676634,-658.2570315676634,-658.2570315676634,-658.2570315676634,-658.2570315676634
-658.0260109217595,-658.0260109217595,-658.0260109217595,-658.0260109217595,-658.0260109217595,-658.0260109217595
-658.9227768922344,-658.9227768922344,-658.9227768922344,-658.9227768922344,-658.9227768922344,-658.9227768922344
-659.5147097792646,-659.5147097792646,-659.5147097792646,-659.5147097792646,-659.5147097792646,-659.5147097792646
-661.6390452016145,-661.6390452016145,-661.6390452016145,-661.6390452016145,-661.6390452016145,-661.6390452016145
-662.6069122615587,-662.6069122615587,-662.6069122615587,-662.6069122615587,-662.6069122615587,-662.6069122615587
-665.1400228546429,-665.1400228546429,-665.1400228546429,-665.1400228546429,-665.1400228546429,-665.1400228546429
-667.5468678843855,-667.5468678843855,-667.5468678843855,-667.5468678843855,-667.5468678843855,-667.5468678843855
-670.7215909480942,-670.7215909480942,-670.7215909480942,-670.7215909480942,-670.7215909480942,-670.7215909480942
-674.3808702949224,-674.3808702949224,-674.3808702949224,-674.3808702949224,-674.3808702949224,-674.3808702949224
-678.2854498602336,-678.2854498602336,-678.2854498602336,-678.2854498602336,-678.2854498602336,-678.2854498602336
-684.5600346608895,-684.5600346608895,-684.5600346608895,-684.5600346608895,-684.5600346608895,-684.5600346608895
-689.0114082010983,-689.0114082010983,-689.0114082010983,-689.0114082010983,-689.0114082010983,-689.0114082010983
-695.0009104227246,-695.0009104227246,-695.0009104227246,-695.0009104227246,-695.0009104227246,-695.0009104227246
-701.5732579095603,-701.5732579095603,-701.5732579095603,-701.5732579095603,-701.5732579095603,-701.5732579095603
-708.0778203476209,-708.0778203476209,-708.0778203476209,-708.0778203476209,-708.0778203476209,-708.0778203476209
-713.9194073119252,-713.9194073119252,-713.9194073119252,-713.9194073119252,-713.9194073119252,-713.9194073119252
-722.0868717059478,-722.0868717059478,-722.0868717059478,-722.0868717059478,-722.0868717059478,-722.0868717059478
-729.0837665449127,-729.0837665449127,-729.0837665449127,-729.0837665449127,-729.0837665449127,-729.0837665449127
-736.9868597862958,-736.9868597862958,-736.9868597862958,-736.9868597862958,-736.9868597862958,-736.9868597862958
-746.3920617426517,-746.3920617426517,-746.3920617426517,-746.3920617426517,-746.3920617426517,-746.3920617426517
-753.9131679569733,-753.9131679569733,-753.9131679569733,-753.9131679569733,-753.9131679569733,-753.9131679569733
-762.0384989678219,-762.0384989678219,-762.0384989678219,-762.0384989678219,-762.0384989678219,-762.0384989678219
-771.2177151902937,-771.2177151902937,-771.2177151902937,-771.2177151902937,-771.2177151902937,-771.2177151902937
-777.9395783570467,-777.9395783570467,-777.9395783570467,-777.9395783570467,-777.9395783570467,-777.9395783570467
-785.6029430045448,-785.6029430045448,-785.6029430045448,-785.6029430045448,-785.6029430045448,-785.6029430045448
-796.3204575686815,-796.3204575686815,-796.3204575686815,-796.3204575686815,-796.3204575686815,-796.3204575686815
-802.6895273143629,-802.6895273143629,-802.6895273143629,-802.6895273143629,-802.6895273143629,-802.6895273143629
-810.5974167940719,-810.5974167940719,-810.5974167940719,-810.5974167940719,-810.5974167940719,-810.5974167940719
-818.1540302133022,-818.1540302133022,-818.1540302133022,-818.1540302133022,-818.1540302133022,-818.1540302133022
-824.525101061825,-824.525101061825,-824.525101061825,-824.525101061825,-824.525101061825,-824.525101061825
-830.4851331193365,-830.4851331193365,-830.4851331193365,-830.4851331193365,-830.4851331193365,-830.4851331193365
-836.7997817263335,-836.7997817263335,-836.7997817263335,-836.7997817263335,-836.7997817263335,-836.7997817263335
-842.7124250631942,-842.7124250631942,-842.7124250631942,-842.7124250631942,-842.7124250631942,-842.7124250631942
-846.7959824742916,-846.7959824742916,-846.7959824742916,-846.7959824742916,-846.7959824742916,-846.7959824742916
-852.1955050677278,-852.1955050677278,-852.1955050677278,-852.1955050677278,-852.1955050677278,-852.1955050677278
-854.9756735275856,-854.9756735275856,-854.9756735275856,-854.9756735275856,-854.9756735275856,-854.9756735275856
-857.9112103113998,-857.9112103113998,-857.9112103113998,-857.9112103113998,-857.9112103113998,-857.9112103113998
-859.9619170055647,-859.9619170055647,-859.9619170055647,-859.9619170055647,-859.9619170055647,-859.9619170055647
-860.1921626777358,-860.1921626777358,-860.1921626777358,-860.1921626777358,-860.1921626777358,-860.1921626777358
-861.3383183239534,-861.3383183239534,-861.3383183239534,-861.3383183239534,-861.3383183239534,-861.3383183239534
-860.7000918794515,-860.7000918794515,-860.7000918794515,-860.7000918794515,-860.7000918794515,-860.7000918794515
-859.7969743614769,-859.7969743614769,-859.7969743614769,-859.7969743614769,-859.7969743614769,-859.7969743614769
-856.7428122647585,-856.7428122647585,-856.7428122647585,-856.7428122647585,-856.7428122647585,-856.7428122647585
-855.161473772371,-855.161473772371,-855.161473772371,-855.161473772371,-855.161473772371,-855.161473772371
-850.2559809005933,-850.2559809005933,-850.2559809005933,-850.2559809005933,-850.2559809005933,-850.2559809005933
-844.2933357049902,-844.2933357049902,-844.2933357049902,-844.2933357049902,-844.2933357049902,-844.2933357049902
-839.3886853519494,-839.3886853519494,-839.3886853519494,-839.3886853519494,-839.3886853519494,-839.3886853519494
-832.6245372835011,-832.6245372835011,-832.6245372835011,-832.6245372835011,-832.6245372835011,-832.6245372835011
-824.7742187746288,-824.7742187746288,-824.7742187746288,-824.7742187746288,-824.7742187746288,-824.7742187746288
-815.1508365077555,-815.1508365077555,-815.1508365077555,-815.1508365077555,-815.1508365077555,-815.1508365077555
-807.5391807108945,-807.5391807108945,-807.5391807108945,-807.5391807108945,-807.5391807108945,-807.5391807108945
-797.0190172572728,-797.0190172572728,-797.0190172572728,-797.0190172572728,-797.0190172572728,-797.0190172572728
-787.6503338507409,-787.6503338507409,-787.6503338507409,-787.6503338507409,-787.6503338507409,-787.6503338507409
-774.3288973735317,-774.3288973735317,-774.3288973735317,-774.3288973735317,-774.3288973735317,-774.3288973735317
-763.8358398828366,-763.8358398828366,-763.8358398828366,-763.8358398828366,-763.8358398828366,-763.8358398828366
-750.6973813348192,-750.6973813348192,-750.6973813348192,-750.6973813348192,-750.6973813348192,-750.6973813348192
-738.4171742191518,-738.4171742191518,-738.4171742191518,-738.4171742191518,-738.4171742191518,-738.4171742191518
-725.3022678956814,-725.3022678956814,-725.3022678956814,-725.3022678956814,-725.3022678956814,-725.3022678956814
-711.8669538308003,-711.8669538308003,-711.8669538308003,-711.8669538308003,-711.8669538308003,-711.8669538308003
-697.0704669245864,-697.0704669245864,-697.0704669245864,-697.0704669245864,-697.0704669245864,-697.0704669245864
-683.8349659035711,-683.8349659035711,-683.8349659035711,-683.8349659035711,-683.8349659035711,-683.8349659035711
-669.6601273252812,-669.6601273252812,-669.6601273252812,-669.6601273252812,-669.6601273252812,-669.6601273252812
-654.1291671494262,-654.1291671494262,-654.1291671494262,-654.1291671494262,-654.1291671494262,-654.1291671494262
-639.1877517432499,-639.1877517432499,-639.1877517432499,-639.1877517432499,-639.1877517432499,-639.1877517432499
-624.485169951427,-624.485169951427,-624.485169951427,-624.485169951427,-624.485169951427,-624.485169951427
-611.7027617602386,-611.7027617602386,-611.7027617602386,-611.7027617602386,-611.7027617602386,-611.7027617602386
-597.0801960649602,-597.0801960649602,-597.0801960649602,-597.0801960649602,-597.0801960649602,-597.0801960649602
-582.3024766755068,-582.3024766755068,-582.3024766755068,-582.3024766755068,-582.3024766755068,-582.3024766755068
-567.7463787881019,-567.7463787881019,-567.7463787881019,-567.7463787881019,-567.7463787881019,-567.7463787881019
-553.137934076417,-553.137934076417,-553.137934076417,-553.137934076417,-553.137934076417,-553.137934076417
-540.1960787037876,-540.1960787037876,-540.1960787037876,-540.1960787037876,-540.1960787037876,-540.1960787037876
-527.4398116984136,-527.4398116984136,-527.4398116984136,-527.4398116984136,-527.4398116984136,-527.4398116984136
-514.7930891018451,-514.7930891018451,-514.7930891018451,-514.7930891018451,-514.7930891018451,-514.7930891018451
-502.5753936440024,-502.5753936440024,-502.5753936440024,-502.5753936440024,-502.5753936440024,-502.5753936440024
-489.045068659091,-489.045068659091,-489.045068659091,-489.045068659091,-489.045068659091,-489.045068659091
-479.9772089796039,-479.9772089796039,-479.9772089796039,-479.9772089796039,-479.9772089796039,-479.9772089796039
-467.0394479304697,-467.0394479304697,-467.0394479304697,-467.0394479304697,-467.0394479304697,-467.0394479304697
-457.8052965329999,-457.8052965329999,-457.8052965329999,-457.8052965329999,-457.8052965329999,-457.8052965329999
-447.27651878573363,-447.27651878573363,-447.27651878573363,-447.27651878573363,-447.27651878573363,-447.27651878573363
-438.00863530547537,-438.00863530547537,-438.00863530547537,-438.00863530547537,-438.00863530547537,-438.00863530547537
-428.6912824351859,-428.6912824351859,-428.6912824351859,-428.6912824351859,-428.6912824351859,-428.6912824351859
-419.96150939698447,-419.96150939698447,-419.96150939698447,-419.96150939698447,-419.96150939698447,-419.96150939698447
-412.8117897590623,-412.8117897590623,-412.8117897590623,-412.8117897590623,-412.8117897590623,-412.8117897590623
-404.5353495788936,-404.5353495788936,-404.5353495788936,-404.5353495788936,-404.5353495788936,-404.5353495788936
-396.4794640049106,-396.4794640049106,-396.4794640049106,-396.4794640049106,-396.4794640049106,-396.4794640049106
-390.9947490976882,-390.9947490976882,-390.9947490976882,-390.9947490976882,-390.9947490976882,-390.9947490976882
-384.6653211822847,-384.6653211822847,-384.6653211822847,-384.6653211822847,-384.6653211822847,-384.6653211822847
-377.74628475528095,-377.74628475528095,-377.74628475528095,-377.74628475528095,-377.74628475528095,-377.74628475528095
-372.1955473900252,-372.1955473900252,-372.1955473900252,-372.1955473900252,-372.1955473900252,-372.1955473900252
-366.31992750792,-366.31992750792,-366.31992750792,-366.31992750792,-366.31992750792,-366.31992750792
-361.0432478107107,-361.0432478107107,-361.0432478107107,-361.0432478107107,-361.0432478107107,-361.0432478107107
-356.2751591339737,-356.2751591339737,-356.2751591339737,-356.2751591339737,-356.2751591339737,-356.2751591339737
-351.8148004653782,-351.8148004653782,-351.8148004653782,-351.8148004653782,-351.8148004653782,-351.8148004653782
-346.43842820421236,-346.43842820421236,-346.43842820421236,-346.43842820421236,-346.43842820421236,-346.43842820421236
-342.2250284529151,-342.2250284529151,-342.2250284529151,-342.2250284529151,-342.2250284529151,-342.2250284529151
-336.9816929704115,-336.9816929704115,-336.9816929704115,-336.9816929704115,-336.9816929704115,-336.9816929704115
-332.60409986631254,-332.60409986631254,-332.60409986631254,-332.60409986631254,-332.60409986631254,-332.60409986631254
-327.74842682139814,-327.74842682139814,-327.74842682139814,-327.74842682139814,-327.74842682139814,-327.74842682139814
-322.880903515903,-322.880903515903,-322.880903515903,-322.880903515903,-322.880903515903,-322.880903515903
-318.13697129283327,-318.13697129283327,-318.13697129283327,-318.13697129283327,-318.13697129283327,-318.13697129283327
-311.7046223307954,-311.7046223307954,-311.7046223307954,-311.7046223307954,-311.7046223307954,-311.7046223307954
-305.8060261871892,-305.8060261871892,-305.8060261871892,-305.8060261871892,-305.8060261871892,-305.8060261871892
-301.4741292245887,-301.4741292245887,-301.4741292245887,-301.4741292245887,-301.4741292245887,-301.4741292245887
-295.1284949838129,-295.1284949838129,-295.1284949838129,-295.1284949838129,-295.1284949838129,-295.1284949838129
-290.11079719114053,-290.11079719114053,-290.11079719114053,-290.11079719114053,-290.11079719114053,-290.11079719114053
-283.5087773064044,-283.5087773064044,-283.5087773064044,-283.5087773064044,-283.5087773064044,-283.5087773064044
-276.52427551266493,-276.52427551266493,-276.52427551266493,-276.52427551266493,-276.52427551266493,-276.52427551266493
-268.90659241213444,-268.90659241213444,-268.90659241213444,-268.90659241213444,-268.90659241213444,-268.90659241213444
-261.1308252045439,-261.1308252045439,-261.1308252045439,-261.1308252045439,-261.1308252045439,-261.1308252045439
-254.17249230149642,-254.17249230149642,-254.17249230149642,-254.17249230149642,-254.17249230149642,-254.17249230149642
-246.7724499986438,-246.7724499986438,-246.7724499986438,-246.7724499986438,-246.7724499986438,-246.7724499986438
-237.81876838037465,-237.81876838037465,-237.81876838037465,-237.81876838037465,-237.81876838037465,-237.81876838037465
-229.92055727053858,-229.92055727053858,-229.92055727053858,-229.92055727053858,-229.92055727053858,-229.92055727053858
-220.63466790955306,-220.63466790955306,-220.63466790955306,-220.63466790955306,-220.63466790955306,-220.63466790955306
-213.5466487267525,-213.5466487267525,-213.5466487267525,-213.5466487267525,-213.5466487267525,-213.5466487267525
-203.79679203624912,-203.79679203624912,-203.79679203624912,-203.79679203624912,-203.79679203624912,-203.79679203624912
-195.46813343182492,-195.46813343182492,-195.46813343182492,-195.46813343182492,-195.46813343182492,-195.46813343182492
-186.01034626716307,-186.01034626716307,-186.01034626716307,-186.01034626716307,-186.01034626716307,-186.01034626716307
-175.6640286400985,-175.6640286400985,-175.6640286400985,-175.6640286400985,-175.6640286400985,-175.6640286400985
-168.91258253216816,-168.91258253216816,-168.91258253216816,-168.91258253216816,-168.91258253216816,-168.91258253216816
-158.86494765438482,-158.86494765438482,-158.86494765438482,-158.86494765438482,-158.86494765438482,-158.86494765438482
-151.43315515593574,-151.43315515593574,-151.43315515593574,-151.43315515593574,-151.43315515593574,-151.43315515593574
-142.93148421049983,-142.93148421049983,-142.93148421049983,-142.93148421049983,-142.93148421049983,-142.93148421049983
-134.59049876285866,-134.59049876285866,-134.59049876285866,-134.59049876285866,-134.59049876285866,-134.59049876285866
-127.23856016217361,-127.23856016217361,-127.23856016217361,-127.23856016217361,-127.23856016217361,-127.23856016217361
-118.64050813862518,-118.64050813862518,-118.64050813862518,-118.64050813862518,-118.64050813862518,-118.64050813862518
-112.52525349794827,-112.52525349794827,-112.52525349794827,-112.52525349794827,-112.52525349794827,-112.52525349794827
-104.58751014198442,-104.58751014198442,-104.58751014198442,-104.58751014198442,-104.58751014198442,-104.58751014198442
-99.43321913970561,-99.43321913970561,-99.43321913970561,-99.43321913970561,-99.43321913970561,-99.43321913970561
-93.49642856632585,-93.49642856632585,-93.49642856632585,-93.49642856632585,-93.49642856632585,-93.49642856632585
-90.11247179089828,-90.11247179089828,-90.11247179089828,-90.11247179089828,-90.11247179089828,-90.11247179089828
-84.1854012686539,-84.1854012686539,-84.1854012686539,-84.1854012686539,-84.1854012686539,-84.1854012686539
,,,,,
,,,,,
,,,,,
,,,,,
,,,,,
,,,,,
,,,,,
,,,,,
,,,,,
,,,,,
,,,,,
,,,,,
,,,,,
,,,,,
,,,,,
,,,,,
,,,,,
,,,,,
,,,,,
,,,,,
,,,,,
,,,,,
,,,,,
,,,,,
,,,,,
,,,,,
,,,,,
,,,,,
,,,,,
,,,,,
,,,,,
,,,,,
,,,,,
,,,,,
,,,,,
,,,,,
,,,,,
,,,,,
,,,,,
,,,,,
,,,,,
,,,,,
,,,,,
,,,,,
,,,,,
,,,,,
,,,,,
,,,,,
,,,,,
,,,,,
,,,,,
,,,,,
,,,,,
,,,,,
,,,,,
,,,,,
,,,,,
,,,,,
,,,,,
,,,,,
,,,,,
,,,,,
,,,,,
,,,,,
,,,,,
,,,,,
,,,,,
,,,,,
,,,,,
,,,,,
,,,,,
,,,,,
,,,,,
,,,,,
,,,,,
,,,,,
,,,,,
,,,,,
,,,,,
,,,,,
,,,,,
,,,,,
,,,,,
,,,,,
,,,,,
,,,,,
-563.3114807072214,-563.3114807072214,-563.3114807072214,-563.3114807072214,-563.3114807072214,-563.3114807072214
-565.3041526109259,-565.3041526109259,-565.3041526109259,-565.3041526109259,-565.3041526109259,-565.3041526109259
-564.6294556923997,-564.6294556923997,-564.6294556923997,-564.6294556923997,-564.6294556923997,-564.6294556923997
-567.0971008733717,-567.0971008733717,-567.0971008733717,-567.0971008733717,-567.0971008733717,-567.0971008733717
-568.9036598649301,-568.9036598649301,-568.9036598649301,-568.9036598649301,-568.9036598649301,-568.9036598649301
-568.0364773402798,-568.0364773402798,-568.0364773402798,-568.0364773402798,-568.0364773402798,-568.0364773402798
-568.2094059400188,-568.2094059400188,-568.2094059400188,-568.2094059400188,-568.2094059400188,-568.2094059400188
-567.1202650470226,-567.1202650470226,-567.1202650470226,-567.1202650470226,-567.1202650470226,-567.1202650470226
-565.9728897583723,-565.9728897583723,-565.9728897583723,-565.9728897583723,-565.9728897583723,-565.9728897583723
-564.3064390754867,-564.3064390754867,-564.3064390754867,-564.3064390754867,-564.3064390754867,-564.3064390754867
-562.7621286077651,-562.7621286077651,-562.7621286077651,-562.7621286077651,-562.7621286077651,-562.7621286077651
-560.527190175823,-560.527190175823,-560.527190175823,-560.527190175823,-560.527190175823,-560.527190175823
-556.9765194256378,-556.9765194256378,-556.9765194256378,-556.9765194256378,-556.9765194256378,-556.9765194256378
-553.7192367760481,-553.7192367760481,-553.7192367760481,-553.7192367760481,-553.7192367760481,-553.7192367760481
-549.5615133365718,-549.5615133365718,-549.5615133365718,-549.5615133365718,-549.5615133365718,-549.5615133365718
-544.5723775573462,-544.5723775573462,-544.5723775573462,-544.5723775573462,-544.5723775573462,-544.5723775573462
-538.6792688711354,-538.6792688711354,-538.6792688711354,-538.6792688711354,-538.6792688711354,-538.6792688711354
-530.5226427096528,-530.5226427096528,-530.5226427096528,-530.5226427096528,-530.5226427096528,-530.5226427096528
-525.1610145035172,-525.1610145035172,-525.1610145035172,-525.1610145035172,-525.1610145035172,-525.1610145035172
-517.0883004598834,-517.0883004598834,-517.0883004598834,-517.0883004598834,-517.0883004598834,-517.0883004598834
-508.4980812200277,-508.4980812200277,-508.4980812200277,-508.4980812200277,-508.4980812200277,-508.4980812200277
-499.1247348010724,-499.1247348010724,-499.1247348010724,-499.1247348010724,-499.1247348010724,-499.1247348010724
-487.39444337700087,-487.39444337700087,-487.39444337700087,-487.39444337700087,-487.39444337700087,-487.39444337700087
-477.8905133397359,-477.8905133397359,-477.8905133397359,-477.8905133397359,-477.8905133397359,-477.8905133397359
-465.872536836957,-465.872536836957,-465.872536836957,-465.872536836957,-465.872536836957,-465.872536836957
-454.2546564613036,-454.2546564613036,-454.2546564613036,-454.2546564613036,-454.2546564613036,-454.2546564613036
-441.09902836764604,-441.09902836764604,-441.09902836764604,-441.09902836764604,-441.09902836764604,-441.09902836764604
-427.557301919653,-427.557301919653,-427.557301919653,-427.557301919653,-427.557301919653,-427.557301919653
-413.09922256988864,-413.09922256988864,-413.09922256988864,-413.09922256988864,-413.09922256988864,-413.09922256988864
-398.06382981935593,-398.06382981935593,-398.06382981935593,-398.06382981935593,-398.06382981935593,-398.06382981935593
-383.5753715302135,-383.5753715302135,-383.5753715302135,-383.5753715302135,-383.5753715302135,-383.5753715302135
-368.0834045870785,-368.0834045870785,-368.0834045870785,-368.0834045870785,-368.0834045870785,-368.0834045870785
-351.2191536687809,-351.2191536687809,-351.2191536687809,-351.2191536687809,-351.2191536687809,-351.2191536687809
-334.3761947210293,-334.3761947210293,-334.3761947210293,-334.3761947210293,-334.3761947210293,-334.3761947210293
-317.28380283599296,-317.28380283599296,-317.28380283599296,-317.28380283599296,-317.28380283599296,-317.28380283599296
-300.5324996187833,-300.5324996187833,-300.5324996187833,-300.5324996187833,-300.5324996187833,-300.5324996187833
-284.15728136335616,-284.15728136335616,-284.15728136335616,-284.15728136335616,-284.15728136335616,-284.15728136335616
-266.2058091728155,-266.2058091728155,-266.2058091728155,-266.2058091728155,-266.2058091728155,-266.2058091728155
-249.54194071810937,-249.54194071810937,-249.54194071810937,-249.54194071810937,-249.54194071810937,-249.54194071810937
-232.66706394815125,-232.66706394815125,-232.66706394815125,-232.66706394815125,-232.66706394815125,-232.66706394815125
-216.56673469572357,-216.56673469572357,-216.56673469572357,-216.56673469572357,-216.56673469572357,-216.56673469572357
-198.8479757636517,-198.8479757636517,-198.8479757636517,-198.8479757636517,-198.8479757636517,-198.8479757636517
-183.175450557107,-183.175450557107,-183.175450557107,-183.175450557107,-183.175450557107,-183.175450557107
-165.86068126025708,-165.86068126025708,-165.86068126025708,-165.86068126025708,-165.86068126025708,-165.86068126025708
-150.3418199717645,-150.3418199717645,-150.3418199717645,-150.3418199717645,-150.3418199717645,-150.3418199717645
-134.52916088482212,-134.52916088482212,-134.52916088482212,-134.52916088482212,-134.52916088482212,-134.52916088482212
-120.85517949528325,-120.85517949528325,-120.85517949528325,-120.85517949528325,-120.85517949528325,-120.85517949528325
-106.85491805656386,-106.85491805656386,-106.85491805656386,-106.85491805656386,-106.85491805656386,-106.85491805656386
-93.10551988760692,-93.10551988760692,-93.10551988760692,-93.10551988760692,-93.10551988760692,-93.10551988760692
-81.08068228076623,-81.08068228076623,-81.08068228076623,-81.08068228076623,-81.08068228076623,-81.08068228076623
-68.47171661392943,-68.47171661392943,-68.47171661392943,-68.47171661392943,-68.47171661392943,-68.47171661392943
-56.08365859778062,-56.08365859778062,-56.08365859778062,-56.08365859778062,-56.08365859778062,-56.08365859778062
-46.180773969515535,-46.180773969515535,-46.180773969515535,-46.180773969515535,-46.180773969515535,-46.180773969515535
-37.187330893615936,-37.187330893615936,-37.187330893615936,-37.187330893615936,-37.187330893615936,-37.187330893615936
-26.833245375153805,-26.833245375153805,-26.833245375153805,-26.833245375153805,-26.833245375153805,-26.833245375153805
-19.068182302780908,-19.068182302780908,-19.068182302780908,-19.068182302780908,-19.068182302780908,-19.068182302780908
-12.619659680984528,-12.619659680984528,-12.619659680984528,-12.619659680984528,-12.619659680984528,-12.619659680984528
-5.686200039194381,-5.686200039194381,-5.686200039194381,-5.686200039194381,-5.686200039194381,-5.686200039194381
0.6333432341679736,0.6333432341679736,0.6333432341679736,0.6333432341679736,0.6333432341679736,0.6333432341679736
4.997678910461748,4.997678910461748,4.997678910461748,4.997678910461748,4.997678910461748,4.997678910461748
8.538293310458142,8.538293310458142,8.538293310458142,8.538293310458142,8.538293310458142,8.538293310458142
11.918323750940612,11.918323750940612,11.918323750940612,11.918323750940612,11.918323750940612,11.918323750940612
14.17144742316291,14.17144742316291,14.17144742316291,14.17144742316291,14.17144742316291,14.17144742316291
15.07065745059518,15.07065745059518,15.07065745059518,15.07065745059518,15.07065745059518,15.07065745059518
15.709581532950043,15.709581532950043,15.709581532950043,15.709581532950043,15.709581532950043,15.709581532950043
16.268265689358362,16.268265689358362,16.268265689358362,16.268265689358362,16.268265689358362,16.268265689358362
17.02862086092839,17.02862086092839,17.02862086092839,17.02862086092839,17.02862086092839,17.02862086092839
14.572666838315227,14.572666838315227,14.572666838315227,14.572666838315227,14.572666838315227,14.572666838315227
12.445485956785475,12.445485956785475,12.445485956785475,12.445485956785475,12.445485956785475,12.445485956785475
10.672287376063425,10.672287376063425,10.672287376063425,10.672287376063425,10.672287376063425,10.672287376063425
8.363275240027026,8.363275240027026,8.363275240027026,8.363275240027026,8.363275240027026,8.363275240027026
5.371957182472186,5.371957182472186,5.371957182472186,5.371957182472186,5.371957182472186,5.371957182472186
2.0937709005476886,2.0937709005476886,2.0937709005476886,2.0937709005476886,2.0937709005476886,2.0937709005476886
-1.5229168938060387,-1.5229168938060387,-1.5229168938060387,-1.5229168938060387,-1.5229168938060387,-1.5229168938060387
-4.175218306618559,-4.175218306618559,-4.175218306618559,-4.175218306618559,-4.175218306618559,-4.175218306618559
-9.285695131037944,-9.285695131037944,-9.285695131037944,-9.285695131037944,-9.285695131037944,-9.285695131037944
-14.984660960431928,-14.984660960431928,-14.984660960431928,-14.984660960431928,-14.984660960431928,-14.984660960431928
-19.02972587056371,-19.02972587056371,-19.02972587056371,-19.02972587056371,-19.02972587056371,-19.02972587056371
-21.761034762636886,-21.761034762636886,-21.761034762636886,-21.761034762636886,-21.761034762636886,-21.761034762636886
-26.956707519422203,-26.956707519422203,-26.956707519422203,-26.956707519422203,-26.956707519422203,-26.956707519422203
-30.86988705649249,-30.86988705649249,-30.86988705649249,-30.86988705649249,-30.86988705649249,-30.86988705649249
-35.22980061286757,-35.22980061286757,-35.22980061286757,-35.22980061286757,-35.22980061286757,-35.22980061286757
-37.80298951319637,-37.80298951319637,-37.80298951319637,-37.80298951319637,-37.80298951319637,-37.80298951319637
-42.177971302599275,-42.177971302599275,-42.177971302599275,-42.177971302599275,-42.177971302599275,-42.177971302599275
-46.1831423475242,-46.1831423475242,-46.1831423475242,-46.1831423475242,-46.1831423475242,-46.1831423475242
-48.6789093931545,-48.6789093931545,-48.6789093931545,-48.6789093931545,-48.6789093931545,-48.6789093931545
-51.2996678065124,-51.2996678065124,-51.2996678065124,-51.2996678065124,-51.2996678065124,-51.2996678065124
-55.32870741672205,-55.32870741672205,-55.32870741672205,-55.32870741672205,-55.32870741672205,-55.32870741672205
-56.02686261627568,-56.02686261627568,-56.02686261627568,-56.02686261627568,-56.02686261627568,-56.02686261627568
-59.17036533246651,-59.17036533246651,-59.17036533246651,-59.17036533246651,-59.17036533246651,-59.17036533246651
-60.097914333805356,-60.097914333805356,-60.097914333805356,-60.097914333805356,-60.097914333805356,-60.097914333805356
-61.3558035155708,-61.3558035155708,-61.3558035155708,-61.3558035155708,-61.3558035155708,-61.3558035155708
-62.620158191617854,-62.620158191617854,-62.620158191617854,-62.620158191617854,-62.620158191617854,-62.620158191617854
-63.0231113814055,-63.0231113814055,-63.0231113814055,-63.0231113814055,-63.0231113814055,-63.0231113814055
-62.65079935035198,-62.65079935035198,-62.65079935035198,-62.65079935035198,-62.65079935035198,-62.65079935035198
-63.662164700297986,-63.662164700297986,-63.662164700297986,-63.662164700297986,-63.662164700297986,-63.662164700297986
-63.671270820762984,-63.671270820762984,-63.671270820762984,-63.671270820762984,-63.671270820762984,-63.671270820762984
-62.59487258064937,-62.59487258064937,-62.59487258064937,-62.59487258064937,-62.59487258064937,-62.59487258064937
-62.362327186443494,-62.362327186443494,-62.362327186443494,-62.362327186443494,-62.362327186443494,-62.362327186443494
-61.21328881419642,-61.21328881419642,-61.21328881419642,-61.21328881419642,-61.21328881419642,-61.21328881419642
-60.054314270721214,-60.054314270721214,-60.054314270721214,-60.054314270721214,-60.054314270721214,-60.054314270721214
-58.94537580752177,-58.94537580752177,-58.94537580752177,-58.94537580752177,-58.94537580752177,-58.94537580752177
-58.5800786285734,-58.5800786285734,-58.5800786285734,-58.5800786285734,-58.5800786285734,-58.5800786285734
-57.22888602096025,-57.22888602096025,-57.22888602096025,-57.22888602096025,-57.22888602096025,-57.22888602096025
-58.13931396154412,-58.13931396154412,-58.13931396154412,-58.13931396154412,-58.13931396154412,-58.13931396154412
-56.2500779392628,-56.2500779392628,-56.2500779392628,-56.2500779392628,-56.2500779392628,-56.2500779392628
-55.253822965198914,-55.253822965198914,-55.253822965198914,-55.253822965198914,-55.253822965198914,-55.253822965198914
-55.418130585663086,-55.418130585663086,-55.418130585663086,-55.418130585663086,-55.418130585663086,-55.418130585663086
-54.475668285772684,-54.475668285772684,-54.475668285772684,-54.475668285772684,-54.475668285772684,-54.475668285772684
-55.32917984226557,-55.32917984226557,-55.32917984226557,-55.32917984226557,-55.32917984226557,-55.32917984226557
-55.083695387413094,-55.083695387413094,-55.083695387413094,-55.083695387413094,-55.083695387413094,-55.083695387413094
-56.53548723784428,-56.53548723784428,-56.53548723784428,-56.53548723784428,-56.53548723784428,-56.53548723784428
-57.14593658620309,-57.14593658620309,-57.14593658620309,-57.14593658620309,-57.14593658620309,-57.14593658620309
-58.8579300667887,-58.8579300667887,-58.8579300667887,-58.8579300667887,-58.8579300667887,-58.8579300667887
-61.433387231738955,-61.433387231738955,-61.433387231738955,-61.433387231738955,-61.433387231738955,-61.433387231738955
-65.1726398935273,-65.1726398935273,-65.1726398935273,-65.1726398935273,-65.1726398935273,-65.1726398935273
-67.25228278327043,-67.25228278327043,-67.25228278327043,-67.25228278327043,-67.25228278327043,-67.25228278327043
-71.31184946392032,-71.31184946392032,-71.31184946392032,-71.31184946392032,-71.31184946392032,-71.31184946392032
-74.38757620877163,-74.38757620877163,-74.38757620877163,-74.38757620877163,-74.38757620877163,-74.38757620877163
-79.74116718169394,-79.74116718169394,-79.74116718169394,-79.74116718169394,-79.74116718169394,-79.74116718169394
-83.47294219208328,-83.47294219208328,-83.47294219208328,-83.47294219208328,-83.47294219208328,-83.47294219208328
-90.80260956668721,-90.80260956668721,-90.80260956668721,-90.80260956668721,-90.80260956668721,-90.80260956668721
-96.57870400228256,-96.57870400228256,-96.57870400228256,-96.57870400228256,-96.57870400228256,-96.57870400228256
-102.9438780376869,-102.9438780376869,-102.9438780376869,-102.9438780376869,-102.9438780376869,-102.9438780376869
-110.12696222573766,-110.12696222573766,-110.12696222573766,-110.12696222573766,-110.12696222573766,-110.12696222573766
-118.3988252089482,-118.3988252089482,-118.3988252089482,-118.3988252089482,-118.3988252089482,-118.3988252089482
-126.16216779708074,-126.16216779708074,-126.16216779708074,-126.16216779708074,-126.16216779708074,-126.16216779708074
-133.93879508040075,-133.93879508040075,-133.93879508040075,-133.93879508040075,-133.93879508040075,-133.93879508040075
-142.8892194852188,-142.8892194852188,-142.8892194852188,-142.8892194852188,-142.8892194852188,-142.8892194852188
-152.0155528663262,-152.0155528663262,-152.0155528663262,-152.0155528663262,-152.0155528663262,-152.0155528663262
-161.84129642566668,-161.84129642566668,-161.84129642566668,-161.84129642566668,-161.84129642566668,-161.84129642566668
-170.91691980841347,-170.91691980841347,-170.91691980841347,-170.91691980841347,-170.91691980841347,-170.91691980841347
-181.5465272399793,-181.5465272399793,-181.5465272399793,-181.5465272399793,-181.5465272399793,-181.5465272399793
-191.19393008102773,-191.19393008102773,-191.19393008102773,-191.19393008102773,-191.19393008102773,-191.19393008102773
-201.48467258936037,-201.48467258936037,-201.48467258936037,-201.48467258936037,-201.48467258936037,-201.48467258936037
-210.07265621487284,-210.07265621487284,-210.07265621487284,-210.07265621487284,-210.07265621487284,-210.07265621487284
-221.03549014491463,-221.03549014491463,-221.03549014491463,-221.03549014491463,-221.03549014491463,-221.03549014491463
-231.69912764646625,-231.69912764646625,-231.69912764646625,-231.69912764646625,-231.69912764646625,-231.69912764646625
-241.06215452520019,-241.06215452520019,-241.06215452520019,-241.06215452520019,-241.06215452520019,-241.06215452520019
-250.44178731150404,-250.44178731150404,-250.44178731150404,-250.44178731150404,-250.44178731150404,-250.44178731150404
-259.7442562093969,-259.7442562093969,-259.7442562093969,-259.7442562093969,-259.7442562093969,-259.7442562093969
-268.59720915053316,-268.59720915053316,-268.59720915053316,-268.59720915053316,-268.59720915053316,-268.59720915053316
-276.2624050761786,-276.2624050761786,-276.2624050761786,-276.2624050761786,-276.2624050761786,-276.2624050761786
-284.4584034992112,-284.4584034992112,-284.4584034992112,-284.4584034992112,-284.4584034992112,-284.4584034992112
-291.5223467315833,-291.5223467315833,-291.5223467315833,-291.5223467315833,-291.5223467315833,-291.5223467315833
-297.92021008501,-297.92021008501,-297.92021008501,-297.92021008501,-297.92021008501,-297.92021008501
-304.9406873070903,-304.9406873070903,-304.9406873070903,-304.9406873070903,-304.9406873070903,-304.9406873070903
-310.53460431628196,-310.53460431628196,-310.53460431628196,-310.53460431628196,-310.53460431628196,-310.53460431628196
-316.34355943904563,-316.34355943904563,-316.34355943904563,-316.34355943904563,-316.34355943904563,-316.34355943904563
-320.9657987194181,-320.9657987194181,-320.9657987194181,-320.9657987194181,-320.9657987194181,-320.9657987194181
-323.6788210662205,-323.6788210662205,-323.6788210662205,-323.6788210662205,-323.6788210662205,-323.6788210662205
-326.99721638421437,-326.99721638421437,-326.99721638421437,-326.99721638421437,-326.99721638421437,-326.99721638421437
-329.48013542210595,-329.48013542210595,-329.48013542210595,-329.48013542210595,-329.48013542210595,-329.48013542210595
-329.0956481672274,-329.0956481672274,-329.0956481672274,-329.0956481672274,-329.0956481672274,-329.0956481672274
-329.4706701523214,-329.4706701523214,-329.4706701523214,-329.4706701523214,-329.4706701523214,-329.4706701523214
-329.6652147693284,-329.6652147693284,-329.6652147693284,-329.6652147693284,-329.6652147693284,-329.6652147693284
-329.1081343964521,-329.1081343964521,-329.1081343964521,-329.1081343964521,-329.1081343964521,-329.1081343964521
-327.31358896631195,-327.31358896631195,-327.31358896631195,-327.31358896631195,-327.31358896631195,-327.31358896631195
-323.972037900769,-323.972037900769,-323.972037900769,-323.972037900769,-323.972037900769,-323.972037900769
-320.7448806258813,-320.7448806258813,-320.7448806258813,-320.7448806258813,-320.7448806258813,-320.7448806258813
-317.60088885234177,-317.60088885234177,-317.60088885234177,-317.60088885234177,-317.60088885234177,-317.60088885234177
-313.2320161917997,-313.2320161917997,-313.2320161917997,-313.2320161917997,-313.2320161917997,-313.2320161917997
-308.6302606570491,-308.6302606570491,-308.6302606570491,-308.6302606570491,-308.6302606570491,-308.6302606570491
-303.47783526020345,-303.47783526020345,-303.47783526020345,-303.47783526020345,-303.47783526020345,-303.47783526020345
-296.84529583586476,-296.84529583586476,-296.84529583586476,-296.84529583586476,-296.84529583586476,-296.84529583586476
-289.1805379950191,-289.1805379950191,-289.1805379950191,-289.1805379950191,-289.1805379950191,-289.1805379950191
-281.6826110842972,-281.6826110842972,-281.6826110842972,-281.6826110842972,-281.6826110842972,-281.6826110842972
-275.5257006519601,-275.5257006519601,-275.5257006519601,-275.5257006519601,-275.5257006519601,-275.5257006519601
-267.07544206828857,-267.07544206828857,-267.07544206828857,-267.07544206828857,-267.07544206828857,-267.07544206828857
-260.08339674809673,-260.08339674809673,-260.08339674809673,-260.08339674809673,-260.08339674809673,-260.08339674809673
-251.5320888902863,-251.5320888902863,-251.5320888902863,-251.5320888902863,-251.5320888902863,-251.5320888902863
-244.5507925327593,-244.5507925327593,-244.5507925327593,-244.5507925327593,-244.5507925327593,-244.5507925327593
-234.3846892472085,-234.3846892472085,-234.3846892472085,-234.3846892472085,-234.3846892472085,-234.3846892472085
-226.473455690994,-226.473455690994,-226.473455690994,-226.473455690994,-226.473455690994,-226.473455690994
-219.6044660850854,-219.6044660850854,-219.6044660850854,-219.6044660850854,-219.6044660850854,-219.6044660850854
-213.18252480442874,-213.18252480442874,-213.18252480442874,-213.18252480442874,-213.18252480442874,-213.18252480442874
-204.82222187079307,-204.82222187079307,-204.82222187079307,-204.82222187079307,-204.82222187079307,-204.82222187079307
-198.00705821793937,-198.00705821793937,-198.00705821793937,-198.00705821793937,-198.00705821793937,-198.00705821793937
-191.23368746547237,-191.23368746547237,-191.23368746547237,-191.23368746547237,-191.23368746547237,-191.23368746547237
-184.99301002300314,-184.99301002300314,-184.99301002300314,-184.99301002300314,-184.99301002300314,-184.99301002300314
-176.9962351649024,-176.9962351649024,-176.9962351649024,-176.9962351649024,-176.9962351649024,-176.9962351649024
-172.43339202865818,-172.43339202865818,-172.43339202865818,-172.43339202865818,-172.43339202865818,-172.43339202865818
-167.68308084826606,-167.68308084826606,-167.68308084826606,-167.68308084826606,-167.68308084826606,-167.68308084826606
-163.37403189058526,-163.37403189058526,-163.37403189058526,-163.37403189058526,-163.37403189058526,-163.37403189058526
-157.81396251739326,-157.81396251739326,-157.81396251739326,-157.81396251739326,-157.81396251739326,-157.81396251739326
-155.05681235757152,-155.05681235757152,-155.05681235757152,-155.05681235757152,-155.05681235757152,-155.05681235757152
-150.74989827423903,-150.74989827423903,-150.74989827423903,-150.74989827423903,-150.74989827423903,-150.74989827423903
-150.1984514521745,-150.1984514521745,-150.1984514521745,-150.1984514521745,-150.1984514521745,-150.1984514521745
-148.05521064297142,-148.05521064297142,-148.05521064297142,-148.05521064297142,-148.05521064297142,-148.05521064297142
-145.4924562040523,-145.4924562040523,-145.4924562040523,-145.4924562040523,-145.4924562040523,-145.4924562040523
-145.68945726913665,-145.68945726913665,-145.68945726913665,-145.68945726913665,-145.68945726913665,-145.68945726913665
-147.051287113831,-147.051287113831,-147.051287113831,-147.051287113831,-147.051287113831,-147.051287113831
-146.17936481398326,-146.17936481398326,-146.17936481398326,-146.17936481398326,-146.17936481398326,-146.17936481398326
-147.441252822679,-147.441252822679,-147.441252822679,-147.441252822679,-147.441252822679,-147.441252822679
-149.20924222702124,-149.20924222702124,-149.20924222702124,-149.20924222702124,-149.20924222702124,-149.20924222702124
-152.3897075057185,-152.3897075057185,-152.3897075057185,-152.3897075057185,-152.3897075057185,-152.3897075057185
-155.20731909273331,-155.20731909273331,-155.20731909273331,-155.20731909273331,-155.20731909273331,-155.20731909273331
-157.78634312788097,-157.78634312788097,-157.78634312788097,-157.78634312788097,-157.78634312788097,-157.78634312788097
-161.18292220375963,-161.18292220375963,-161.18292220375963,-161.18292220375963,-161.18292220375963,-161.18292220375963
-165.65549158947024,-165.65549158947024,-165.65549158947024,-165.65549158947024,-165.65549158947024,-165.65549158947024
-169.44164822994225,-169.44164822994225,-169.44164822994225,-169.44164822994225,-169.44164822994225,-169.44164822994225
-175.07608904832543,-175.07608904832543,-175.07608904832543,-175.07608904832543,-175.07608904832543,-175.07608904832543
-179.83592385323107,-179.83592385323107,-179.83592385323107,-179.83592385323107,-179.83592385323107,-179.83592385323107
-184.56688729343972,-184.56688729343972,-184.56688729343972,-184.56688729343972,-184.56688729343972,-184.56688729343972
-190.9737098944842,-190.9737098944842,-190.9737098944842,-190.9737098944842,-190.9737098944842,-190.9737098944842
-194.48906113501891,-194.48906113501891,-194.48906113501891,-194.48906113501891,-194.48906113501891,-194.48906113501891
-200.58670156247376,-200.58670156247376,-200.58670156247376,-200.58670156247376,-200.58670156247376,-200.58670156247376
-204.26704474092392,-204.26704474092392,-204.26704474092392,-204.26704474092392,-204.26704474092392,-204.26704474092392
-210.92762419490143,-210.92762419490143,-210.92762419490143,-210.92762419490143,-210.92762419490143,-210.92762419490143
-214.85876760376135,-214.85876760376135,-214.85876760376135,-214.85876760376135,-214.85876760376135,-214.85876760376135
-220.49365131219167,-220.49365131219167,-220.49365131219167,-220.49365131219167,-220.49365131219167,-220.49365131219167
-224.40318302321646,-224.40318302321646,-224.40318302321646,-224.40318302321646,-224.40318302321646,-224.40318302321646
,,,,,
,,,,,
,,,,,
,,,,,
,,,,,
,,,,,
,,,,,
,,,,,
,,,,,
,,,,,
,,,,,
,,,,,
,,,,,
,,,,,
,,,,,
,,,,,
,,,,,
,,,,,
,,,,,
,,,,,
,,,,,
,,,,,
,,,,,
,,,,,
,,,,,
,,,,,
,,,,,
,,,,,
,,,,,
,,,,,
,,,,,
,,,,,
,,,,,
,,,,,
-202.02826548774084,-202.02826548774084,-202.02826548774084,-202.02826548774084,-202.02826548774084,-202.02826548774084
-200.1407961780749,-200.1407961780749,-200.1407961780749,-200.1407961780749,-200.1407961780749,-200.1407961780749
-202.36188690086308,-202.36188690086308,-202.36188690086308,-202.36188690086308,-202.36188690086308,-202.36188690086308
-203.18693671146653,-203.18693671146653,-203.18693671146653,-203.18693671146653,-203.18693671146653,-203.18693671146653
-205.44455179419728,-205.44455179419728,-205.44455179419728,-205.44455179419728,-205.44455179419728,-205.44455179419728
-207.7716251626712,-207.7716251626712,-207.7716251626712,-207.7716251626712,-207.7716251626712,-207.7716251626712
-210.1604050916301,-210.1604050916301,-210.1604050916301,-210.1604050916301,-210.1604050916301,-210.1604050916301
-212.95073562440027,-212.95073562440027,-212.95073562440027,-212.95073562440027,-212.95073562440027,-212.95073562440027
-217.28870128872728,-217.28870128872728,-217.28870128872728,-217.28870128872728,-217.28870128872728,-217.28870128872728
-222.13370442970947,-222.13370442970947,-222.13370442970947,-222.13370442970947,-222.13370442970947,-222.13370442970947
-227.04974158266918,-227.04974158266918,-227.04974158266918,-227.04974158266918,-227.04974158266918,-227.04974158266918
-231.35223819068247,-231.35223819068247,-231.35223819068247,-231.35223819068247,-231.35223819068247,-231.35223819068247
-237.6019089503616,-237.6019089503616,-237.6019089503616,-237.6019089503616,-237.6019089503616,-237.6019089503616
-242.52397128050504,-242.52397128050504,-242.52397128050504,-242.52397128050504,-242.52397128050504,-242.52397128050504
-251.2385657829918,-251.2385657829918,-251.2385657829918,-251.2385657829918,-251.2385657829918,-251.2385657829918
-257.88101036782774,-257.88101036782774,-257.88101036782774,-257.88101036782774,-257.88101036782774,-257.88101036782774
-264.1210524725832,-264.1210524725832,-264.1210524725832,-264.1210524725832,-264.1210524725832,-264.1210524725832
-271.871046043443,-271.871046043443,-271.871046043443,-271.871046043443,-271.871046043443,-271.871046043443
-277.9646580491491,-277.9646580491491,-277.9646580491491,-277.9646580491491,-277.9646580491491,-277.9646580491491
-286.2687376791428,-286.2687376791428,-286.2687376791428,-286.2687376791428,-286.2687376791428,-286.2687376791428
-295.16605301271983,-295.16605301271983,-295.16605301271983,-295.16605301271983,-295.16605301271983,-295.16605301271983
-301.92740581771665,-301.92740581771665,-301.92740581771665,-301.92740581771665,-301.92740581771665,-301.92740581771665
-308.88106976493157,-308.88106976493157,-308.88106976493157,-308.88106976493157,-308.88106976493157,-308.88106976493157
-317.9883418989493,-317.9883418989493,-317.9883418989493,-317.9883418989493,-317.9883418989493,-317.9883418989493
-323.8838666015765,-323.8838666015765,-323.8838666015765,-323.8838666015765,-323.8838666015765,-323.8838666015765
-331.43667056526505,-331.43667056526505,-331.43667056526505,-331.43667056526505,-331.43667056526505,-331.43667056526505
-339.8861717557627,-339.8861717557627,-339.8861717557627,-339.8861717557627,-339.8861717557627,-339.8861717557627
-344.774713311535,-344.774713311535,-344.774713311535,-344.774713311535,-344.774713311535,-344.774713311535
-351.7323378712115,-351.7323378712115,-351.7323378712115,-351.7323378712115,-351.7323378712115,-351.7323378712115
-357.64300289379923,-357.64300289379923,-357.64300289379923,-357.64300289379923,-357.64300289379923,-357.64300289379923
-362.5111178647916,-362.5111178647916,-362.5111178647916,-362.5111178647916,-362.5111178647916,-362.5111178647916
-367.4372763282618,-367.4372763282618,-367.4372763282618,-367.4372763282618,-367.4372763282618,-367.4372763282618
-370.6651200150601,-370.6651200150601,-370.6651200150601,-370.6651200150601,-370.6651200150601,-370.6651200150601
-374.1994342781326,-374.1994342781326,-374.1994342781326,-374.1994342781326,-374.1994342781326,-374.1994342781326
-377.12865948947837,-377.12865948947837,-377.12865948947837,-377.12865948947837,-377.12865948947837,-377.12865948947837
-379.63109837831684,-379.63109837831684,-379.63109837831684,-379.63109837831684,-379.63109837831684,-379.63109837831684
-381.65216211434273,-381.65216211434273,-381.65216211434273,-381.65216211434273,-381.65216211434273,-381.65216211434273
-381.4523755469129,-381.4523755469129,-381.4523755469129,-381.4523755469129,-381.4523755469129,-381.4523755469129
-380.3430749561004,-380.3430749561004,-380.3430749561004,-380.3430749561004,-380.3430749561004,-380.3430749561004
-380.3628937496413,-380.3628937496413,-380.3628937496413,-380.3628937496413,-380.3628937496413,-380.3628937496413
-377.97571633755865,-377.97571633755865,-377.97571633755865,-377.97571633755865,-377.97571633755865,-377.97571633755865
-375.956661756227,-375.956661756227,-375.956661756227,-375.956661756227,-375.956661756227,-375.956661756227
-372.2501507068858,-372.2501507068858,-372.2501507068858,-372.2501507068858,-372.2501507068858,-372.2501507068858
-369.61736866045186,-369.61736866045186,-369.61736866045186,-369.61736866045186,-369.61736866045186,-369.61736866045186
-364.37681084521836,-364.37681084521836,-364.37681084521836,-364.37681084521836,-364.37681084521836,-364.37681084521836
-358.6137728301088,-358.6137728301088,-358.6137728301088,-358.6137728301088,-358.6137728301088,-358.6137728301088
-351.8661409413142,-351.8661409413142,-351.8661409413142,-351.8661409413142,-351.8661409413142,-351.8661409413142
-345.8299466182363,-345.8299466182363,-345.8299466182363,-345.8299466182363,-345.8299466182363,-345.8299466182363
-339.13234683997524,-339.13234683997524,-339.13234683997524,-339.13234683997524,-339.13234683997524,-339.13234683997524
-331.08954349425926,-331.08954349425926,-331.08954349425926,-331.08954349425926,-331.08954349425926,-331.08954349425926
-322.19425436599715,-322.19425436599715,-322.19425436599715,-322.19425436599715,-322.19425436599715,-322.19425436599715
-313.05272759884235,-313.05272759884235,-313.05272759884235,-313.05272759884235,-313.05272759884235,-313.05272759884235
-305.71549119559427,-305.71549119559427,-305.71549119559427,-305.71549119559427,-305.71549119559427,-305.71549119559427
-296.9800094180575,-296.9800094180575,-296.9800094180575,-296.9800094180575,-296.9800094180575,-296.9800094180575
-286.0796265125254,-286.0796265125254,-286.0796265125254,-286.0796265125254,-286.0796265125254,-286.0796265125254
-276.1053698838808,-276.1053698838808,-276.1053698838808,-276.1053698838808,-276.1053698838808,-276.1053698838808
-267.1410005264584,-267.1410005264584,-267.1410005264584,-267.1410005264584,-267.1410005264584,-267.1410005264584
-255.4660877477037,-255.4660877477037,-255.4660877477037,-255.4660877477037,-255.4660877477037,-255.4660877477037
-246.8042777745485,-246.8042777745485,-246.8042777745485,-246.8042777745485,-246.8042777745485,-246.8042777745485
-235.64871685164553,-235.64871685164553,-235.64871685164553,-235.64871685164553,-235.64871685164553,-235.64871685164553
-226.04770135107017,-226.04770135107017,-226.04770135107017,-226.04770135107017,-226.04770135107017,-226.04770135107017
-216.3013196391683,-216.3013196391683,-216.3013196391683,-216.3013196391683,-216.3013196391683,-216.3013196391683
-206.56854173385133,-206.56854173385133,-206.56854173385133,-206.56854173385133,-206.56854173385133,-206.56854173385133
-197.45646896624189,-197.45646896624189,-197.45646896624189,-197.45646896624189,-197.45646896624189,-197.45646896624189
-188.06008198601003,-188.06008198601003,-188.06008198601003,-188.06008198601003,-188.06008198601003,-188.06008198601003
-180.19994484878242,-180.19994484878242,-180.19994484878242,-180.19994484878242,-180.19994484878242,-180.19994484878242
-172.33965768686193,-172.33965768686193,-172.33965768686193,-172.33965768686193,-172.33965768686193,-172.33965768686193
-165.13220192104302,-165.13220192104302,-165.13220192104302,-165.13220192104302,-165.13220192104302,-165.13220192104302
-157.80079667223242,-157.80079667223242,-157.80079667223242,-157.80079667223242,-157.80079667223242,-157.80079667223242
-151.53608485798895,-151.53608485798895,-151.53608485798895,-151.53608485798895,-151.53608485798895,-151.53608485798895
-146.90623271418346,-146.90623271418346,-146.90623271418346,-146.90623271418346,-146.90623271418346,-146.90623271418346
-140.1508740250482,-140.1508740250482,-140.1508740250482,-140.1508740250482,-140.1508740250482,-140.1508740250482
-136.28688403813578,-136.28688403813578,-136.28688403813578,-136.28688403813578,-136.28688403813578,-136.28688403813578
-132.7717234193381,-132.7717234193381,-132.7717234193381,-132.7717234193381,-132.7717234193381,-132.7717234193381
-128.7231946165945,-128.7231946165945,-128.7231946165945,-128.7231946165945,-128.7231946165945,-128.7231946165945
-126.67955052029016,-126.67955052029016,-126.67955052029016,-126.67955052029016,-126.67955052029016,-126.67955052029016
-123.58666542208886,-123.58666542208886,-123.58666542208886,-123.58666542208886,-123.58666542208886,-123.58666542208886
-123.35449195792036,-123.35449195792036,-123.35449195792036,-123.35449195792036,-123.35449195792036,-123.35449195792036
-121.61745535432615,-121.61745535432615,-121.61745535432615,-121.61745535432615,-121.61745535432615,-121.61745535432615
-122.62499988997551,-122.62499988997551,-122.62499988997551,-122.62499988997551,-122.62499988997551,-122.62499988997551
-123.8034963142395,-123.8034963142395,-123.8034963142395,-123.8034963142395,-123.8034963142395,-123.8034963142395
-124.27814027723345,-124.27814027723345,-124.27814027723345,-124.27814027723345,-124.27814027723345,-124.27814027723345
-126.59696387123496,-126.59696387123496,-126.59696387123496,-126.59696387123496,-126.59696387123496,-126.59696387123496
-129.547729094946,-129.547729094946,-129.547729094946,-129.547729094946,-129.547729094946,-129.547729094946
-129.86078785205643,-129.86078785205643,-129.86078785205643,-129.86078785205643,-129.86078785205643,-129.86078785205643
-134.46939729186613,-134.46939729186613,-134.46939729186613,-134.46939729186613,-134.46939729186613,-134.46939729186613
-137.48302619090794,-137.48302619090794,-137.48302619090794,-137.48302619090794,-137.48302619090794,-137.48302619090794
-140.92833457465366,-140.92833457465366,-140.92833457465366,-140.92833457465366,-140.92833457465366,-140.92833457465366
-144.2434478069117,-144.2434478069117,-144.2434478069117,-144.2434478069117,-144.2434478069117,-144.2434478069117
-149.32634653927687,-149.32634653927687,-149.32634653927687,-149.32634653927687,-149.32634653927687,-149.32634653927687
-153.6031446139398,-153.6031446139398,-153.6031446139398,-153.6031446139398,-153.6031446139398,-153.6031446139398
-159.076313812031,-159.076313812031,-159.076313812031,-159.076313812031,-159.076313812031,-159.076313812031
-163.71473369888812,-163.71473369888812,-163.71473369888812,-163.71473369888812,-163.71473369888812,-163.71473369888812
-169.6437748646268,-169.6437748646268,-169.6437748646268,-169.6437748646268,-169.6437748646268,-169.6437748646268
-173.66600748691044,-173.66600748691044,-173.66600748691044,-173.66600748691044,-173.66600748691044,-173.66600748691044
-179.86043099624013,-179.86043099624013,-179.86043099624013,-179.86043099624013,-179.86043099624013,-179.86043099624013
-183.53087500807516,-183.53087500807516,-183.53087500807516,-183.53087500807516,-183.53087500807516,-183.53087500807516
-188.61104607309656,-188.61104607309656,-188.61104607309656,-188.61104607309656,-188.61104607309656,-188.61104607309656
-192.56893797548466,-192.56893797548466,-192.56893797548466,-192.56893797548466,-192.56893797548466,-192.56893797548466
-196.36795628526804,-196.36795628526804,-196.36795628526804,-196.36795628526804,-196.36795628526804,-196.36795628526804
-201.5914753442021,-201.5914753442021,-201.5914753442021,-201.5914753442021,-201.5914753442021,-201.5914753442021
-205.30750461283415,-205.30750461283415,-205.30750461283415,-205.30750461283415,-205.30750461283415,-205.30750461283415
-208.88544224583083,-208.88544224583083,-208.88544224583083,-208.88544224583083,-208.88544224583083,-208.88544224583083
-213.25512515445868,-213.25512515445868,-213.25512515445868,-213.25512515445868,-213.25512515445868,-213.25512515445868
-215.20669549051524,-215.20669549051524,-215.20669549051524,-215.20669549051524,-215.20669549051524,-215.20669549051524
-219.24566550024247,-219.24566550024247,-219.24566550024247,-219.24566550024247,-219.24566550024247,-219.24566550024247
-221.5330501061043,-221.5330501061043,-221.5330501061043,-221.5330501061043,-221.5330501061043,-221.5330501061043
-224.6048474335436,-224.6048474335436,-224.6048474335436,-224.6048474335436,-224.6048474335436,-224.6048474335436
-227.45042538228608,-227.45042538228608,-227.45042538228608,-227.45042538228608,-227.45042538228608,-227.45042538228608
-229.63917235657271,-229.63917235657271,-229.63917235657271,-229.63917235657271,-229.63917235657271,-229.63917235657271
-230.88251587505175,-230.88251587505175,-230.88251587505175,-230.88251587505175,-230.88251587505175,-230.88251587505175
-233.1728102500214,-233.1728102500214,-233.1728102500214,-233.1728102500214,-233.1728102500214,-233.1728102500214
-234.88883313208692,-234.88883313208692,-234.88883313208692,-234.88883313208692,-234.88883313208692,-234.88883313208692
-235.30877782516853,-235.30877782516853,-235.30877782516853,-235.30877782516853,-235.30877782516853,-235.30877782516853
-236.4417629041553,-236.4417629041553,-236.4417629041553,-236.4417629041553,-236.4417629041553,-236.4417629041553
-238.60926258909876,-238.60926258909876,-238.60926258909876,-238.60926258909876,-238.60926258909876,-238.60926258909876
-240.1540532972866,-240.1540532972866,-240.1540532972866,-240.1540532972866,-240.1540532972866,-240.1540532972866
-241.6766785907263,-241.6766785907263,-241.6766785907263,-241.6766785907263,-241.6766785907263,-241.6766785907263
-242.0905059834843,-242.0905059834843,-242.0905059834843,-242.0905059834843,-242.0905059834843,-242.0905059834843
-244.8003335826337,-244.8003335826337,-244.8003335826337,-244.8003335826337,-244.8003335826337,-244.8003335826337
-246.2942133604386,-246.2942133604386,-246.2942133604386,-246.2942133604386,-246.2942133604386,-246.2942133604386
-246.30495406647918,-246.30495406647918,-246.30495406647918,-246.30495406647918,-246.30495406647918,-246.30495406647918
-249.1364504099355,-249.1364504099355,-249.1364504099355,-249.1364504099355,-249.1364504099355,-249.1364504099355
-250.88295993701018,-250.88295993701018,-250.88295993701018,-250.88295993701018,-250.88295993701018,-250.88295993701018
-254.86985720755197,-254.86985720755197,-254.86985720755197,-254.86985720755197,-254.86985720755197,-254.86985720755197
-257.0576190550716,-257.0576190550716,-257.0576190550716,-257.0576190550716,-257.0576190550716,-257.0576190550716
-261.3643165401893,-261.3643165401893,-261.3643165401893,-261.3643165401893,-261.3643165401893,-261.3643165401893
-266.42542115745636,-266.42542115745636,-266.42542115745636,-266.42542115745636,-266.42542115745636,-266.42542115745636
-270.617290670687,-270.617290670687,-270.617290670687,-270.617290670687,-270.617290670687,-270.617290670687
-276.80334452274326,-276.80334452274326,-276.80334452274326,-276.80334452274326,-276.80334452274326,-276.80334452274326
-282.12733280740287,-282.12733280740287,-282.12733280740287,-282.12733280740287,-282.12733280740287,-282.12733280740287
-289.01223123744825,-289.01223123744825,-289.01223123744825,-289.01223123744825,-289.01223123744825,-289.01223123744825
-296.5853130473725,-296.5853130473725,-296.5853130473725,-296.5853130473725,-296.5853130473725,-296.5853130473725
-304.3282447695623,-304.3282447695623,-304.3282447695623,-304.3282447695623,-304.3282447695623,-304.3282447695623
-313.5787297752566,-313.5787297752566,-313.5787297752566,-313.5787297752566,-313.5787297752566,-313.5787297752566
-323.02076640424485,-323.02076640424485,-323.02076640424485,-323.02076640424485,-323.02076640424485,-323.02076640424485
-333.27762563563755,-333.27762563563755,-333.27762563563755,-333.27762563563755,-333.27762563563755,-333.27762563563755
-343.8667987339801,-343.8667987339801,-343.8667987339801,-343.8667987339801,-343.8667987339801,-343.8667987339801
-355.71580683685437,-355.71580683685437,-355.71580683685437,-355.71580683685437,-355.71580683685437,-355.71580683685437
-368.7299978884803,-368.7299978884803,-368.7299978884803,-368.7299978884803,-368.7299978884803,-368.7299978884803
-381.39979259073976,-381.39979259073976,-381.39979259073976,-381.39979259073976,-381.39979259073976,-381.39979259073976
-395.99026403603375,-395.99026403603375,-395.99026403603375,-395.99026403603375,-395.99026403603375,-395.99026403603375
-409.568058504655,-409.568058504655,-409.568058504655,-409.568058504655,-409.568058504655,-409.568058504655
-426.0973745911273,-426.0973745911273,-426.0973745911273,-426.0973745911273,-426.0973745911273,-426.0973745911273
-441.1159348039056,-441.1159348039056,-441.1159348039056,-441.1159348039056,-441.1159348039056,-441.1159348039056
-458.19997352016264,-458.19997352016264,-458.19997352016264,-458.19997352016264,-458.19997352016264,-458.19997352016264
-474.6964349345708,-474.6964349345708,-474.6964349345708,-474.6964349345708,-474.6964349345708,-474.6964349345708
-491.5870509378314,-491.5870509378314,-491.5870509378314,-491.5870509378314,-491.5870509378314,-491.5870509378314
-511.20475742279365,-511.20475742279365,-511.20475742279365,-511.20475742279365,-511.20475742279365,-511.20475742279365
-527.5329514705908,-527.5329514705908,-527.5329514705908,-527.5329514705908,-527.5329514705908,-527.5329514705908
-546.9559144393918,-546.9559144393918,-546.9559144393918,-546.9559144393918,-546.9559144393918,-546.9559144393918
-564.3335664776845,-564.3335664776845,-564.3335664776845,-564.3335664776845,-564.3335664776845,-564.3335664776845
-582.9183478142268,-582.9183478142268,-582.9183478142268,-582.9183478142268,-582.9183478142268,-582.9183478142268
-603.158244411648,-603.158244411648,-603.158244411648,-603.158244411648,-603.158244411648,-603.158244411648
-622.0733612448867,-622.0733612448867,-622.0733612448867,-622.0733612448867,-622.0733612448867,-622.0733612448867
-640.4605034794918,-640.4605034794918,-640.4605034794918,-640.4605034794918,-640.4605034794918,-640.4605034794918
-658.0971649434024,-658.0971649434024,-658.0971649434024,-658.0971649434024,-658.0971649434024,-658.0971649434024
-677.4987305909552,-677.4987305909552,-677.4987305909552,-677.4987305909552,-677.4987305909552,-677.4987305909552
-694.4253312470777,-694.4253312470777,-694.4253312470777,-694.4253312470777,-694.4253312470777,-694.4253312470777
-713.8411341043383,-713.8411341043383,-713.8411341043383,-713.8411341043383,-713.8411341043383,-713.8411341043383
-730.7416415462443,-730.7416415462443,-730.7416415462443,-730.7416415462443,-730.7416415462443,-730.7416415462443
-746.052847092282,-746.052847092282,-746.052847092282,-746.052847092282,-746.052847092282,-746.052847092282
,,,,,
,,,,,
,,,,,
,,,,,
,,,,,
,,,,,
,,,,,
,,,,,
,,,,,
,,,,,
,,,,,
,,,,,
,,,,,
,,,,,
,,,,,
,,,,,
,,,,,
,,,,,
,,,,,
,,,,,
,,,,,
,,,,,
,,,,,
,,,,,
,,,,,
,,,,,
,,,,,
,,,,,
,,,,,
,,,,,
,,,,,
,,,,,
,,,,,
,,,,,
,,,,,
,,,,,
-874.5062138748186,-874.5062138748186,-874.5062138748186,-874.5062138748186,-874.5062138748186,-874.5062138748186
-870.7592168016823,-870.7592168016823,-870.7592168016823,-870.7592168016823,-870.7592168016823,-870.7592168016823
-866.4745985969414,-866.4745985969414,-866.4745985969414,-866.4745985969414,-866.4745985969414,-866.4745985969414
-860.5913201078528,-860.5913201078528,-860.5913201078528,-860.5913201078528,-860.5913201078528,-860.5913201078528
-857.0109620694543,-857.0109620694543,-857.0109620694543,-857.0109620694543,-857.0109620694543,-857.0109620694543
-852.8351527994798,-852.8351527994798,-852.8351527994798,-852.8351527994798,-852.8351527994798,-852.8351527994798
-848.0704199685315,-848.0704199685315,-848.0704199685315,-848.0704199685315,-848.0704199685315,-848.0704199685315
-844.5389523082604,-844.5389523082604,-844.5389523082604,-844.5389523082604,-844.5389523082604,-844.5389523082604
-842.1787253337565,-842.1787253337565,-842.1787253337565,-842.1787253337565,-842.1787253337565,-842.1787253337565
-837.9157379621794,-837.9157379621794,-837.9157379621794,-837.9157379621794,-837.9157379621794,-837.9157379621794
-834.8196394191876,-834.8196394191876,-834.8196394191876,-834.8196394191876,-834.8196394191876,-834.8196394191876
-833.4666304850056,-833.4666304850056,-833.4666304850056,-833.4666304850056,-833.4666304850056,-833.4666304850056
-829.3439865311534,-829.3439865311534,-829.3439865311534,-829.3439865311534,-829.3439865311534,-829.3439865311534
-826.1366792858723,-826.1366792858723,-826.1366792858723,-826.1366792858723,-826.1366792858723,-826.1366792858723
-825.4716744827523,-825.4716744827523,-825.4716744827523,-825.4716744827523,-825.4716744827523,-825.4716744827523
-822.744921277129,-822.744921277129,-822.744921277129,-822.744921277129,-822.744921277129,-822.744921277129
-820.2493650862003,-820.2493650862003,-820.2493650862003,-820.2493650862003,-820.2493650862003,-820.2493650862003
