,y_raw_groundtruth,y_raw_noiseGroundtruth,y_raw_prediction,error
0,210.71659173020737,222.01691620593277,234.62598,0.39821988194642455
1,211.39724381973764,237.8346603319331,234.62598,0.3868833629752947
2,211.98629329553944,158.77974062451432,234.62598,0.3770725203141494
3,212.48248783744722,268.65626090972444,234.62598,0.3688082118308085
4,212.8846555559582,140.78247632677488,234.62598,0.3621099557898667
5,213.19171665343168,208.1152393697609,234.62598,0.35699573663099166
6,213.40269531001297,314.1192818035318,234.62598,0.353481807004348
7,213.51673173622487,218.1496882710432,234.62598,0.35158248703011097
8,213.5330943327346,67.21989145978887,234.62598,0.35130996177293067
9,213.45119189660053,278.663080155394,227.48053,0.23366394898715817
10,213.2705858123445,151.23581497195306,227.48053,0.2366720118903117
11,212.99100216547848,156.0644726456813,227.48053,0.24132858367708424
12,212.6123437156452,348.9586343938447,227.48053,0.24763528392254433
13,212.13470166631913,238.3228187547255,227.48053,0.25559059359819863
14,211.55836716804487,244.26187476816392,227.48053,0.26518966348118655
15,210.88384249248202,170.85810513577312,227.63834,0.27905245349338803
16,210.1118518150644,185.94365107580276,227.63834,0.29191025132387727
17,209.24335154487588,231.62206540610362,222.80753,0.2259164693138072
18,208.27954014138487,294.3126708616699,222.80753,0.24196911416472888
19,207.22186735897185,267.28077965561806,222.80753,0.2595850559175085
20,206.07204286171242,424.58313857362737,222.80753,0.27873581946786674
21,204.83204415264913,214.54068047421296,218.71313,0.23119483432802432
22,203.50412376378958,164.6872020142755,218.71313,0.25331185256981886
23,202.09081565529192,191.71037275938903,215.96017,0.2309994382818098
24,200.59494077474943,297.7753303553365,215.96017,0.25591380234908184
25,199.01961173014138,237.0932857820414,212.33047,0.22169747899309875
26,197.36823653287766,319.82468089101803,212.33047,0.24920175987344267
27,195.644521370415,187.93970854710653,212.33047,0.2779108903391522
28,193.85247237115823,201.6189509942123,212.33047,0.3077581468006564
29,191.9963963277634,211.78045323775433,212.33047,0.33867179799112934
30,190.08090034852512,243.71804000875943,212.33047,0.3705751107727645
31,188.1108904102419,257.7989622590708,208.66571,0.3423483317017859
32,186.09156878979996,97.93497525636988,205.22888,0.31873921455778037
33,184.0284303556855,268.1989067662319,205.22888,0.35310156848010077
34,181.92725770470963,249.24063984622126,205.22888,0.3880973967245211
35,179.79411513340204,275.7506191204484,199.62653,0.3303163306452328
36,177.63534143777738,159.08695563693985,199.62653,0.36627152615739883
37,175.45754153949375,198.6999565772796,199.62653,0.40254361029843977
38,173.26757694078344,175.22657135861647,198.11853,0.41390206280086383
39,171.0725550149371,59.76288535128528,198.11853,0.45046098634956827
40,168.8798171435364,304.3787749349401,194.94473,0.43412106397176287
41,166.69692571604924,137.1218520566659,191.19229,0.4079796131717501
42,164.53165001181264,162.69732410442552,191.26242,0.44521113379755317
43,162.3919509888029,167.73296786800293,186.58939,0.40301746681103573
44,160.28596500793137,228.43634082739044,184.67813,0.4062607871818565
45,158.2219865258792,289.8629832383266,184.67813,0.44063713242151614
46,156.20844979368863,144.86640833355696,184.67813,0.47417335116624715
47,154.25390960243698,267.10094389172593,179.39136,0.4186737372502759
48,152.3670211213325,127.01784322013941,174.91122,0.3754822642796521
49,150.55651887745682,214.41142934600572,171.93909,0.35613478886951433
50,148.8311949301359,42.174751288134246,171.93909,0.38487071425783803
51,147.1998762965304,158.05154446475527,167.69568,0.34136537075763057
52,145.67140168848425,152.52724015539954,167.69568,0.36682269566346243
53,144.25459762394547,203.80710600822945,167.69568,0.3904201052697449
54,142.9582539793622,44.36737087988635,166.81894,0.397408771574397
55,141.79109905234915,98.99206022939646,164.00461,0.3699744277923036
56,140.76177420660298,111.81113410654456,160.16449,0.3231595938487049
57,139.8788081735086,116.02957800175734,160.16449,0.3378657283614863
58,139.15059108711287,208.08504064126123,159.31406,0.3358301700963844
59,138.58534833114237,83.91734660085456,153.96594,0.25616963340895194
60,138.19111427848813,216.62063331276306,153.96594,0.2627357512329118
61,137.97570600508124,91.03413151561021,152.10724,0.23536604344502945
62,137.94669706131674,64.10717578056637,152.10724,0.23584919841711746
63,138.11139138515588,116.04324302758636,152.10724,0.23310615192485099
64,138.47679744173269,149.78554362886877,152.10724,0.22702017532055163
65,139.04960267471554,64.94610448752678,152.10724,0.2174798866909317
66,139.8361483548187,220.61592645198522,152.10724,0.20437966976468483
67,140.84240491072035,120.74059650580384,152.10724,0.18762008478541103
68,142.07394782722685,134.62293976526624,152.10724,0.1671082699368419
69,143.53593419481712,235.7980397277546,152.10724,0.14275833191908263
70,145.23307999372042,244.73660481219454,152.10724,0.11449172429092057
71,147.16963819440807,222.25311726422166,153.96594,0.11319502657897913
72,149.34937775484548,171.9132151932404,153.96594,0.07689063662834462
73,151.77556359301465,220.88268478993675,153.96594,0.03648159035497913
74,154.4509376111417,223.75075489960957,158.56882,0.06858484694712326
75,157.37770084569155,247.29009395544696,164.00461,0.11037365723180192
76,160.55749681458062,162.4178580346793,166.81894,0.10428670033141592
77,163.9913961301822,35.42631420071865,166.81894,0.04709380349753898
78,167.67988244358023,234.30221333991682,166.81894,-0.014339336442495075
79,171.62283978216826,160.52956981298496,170.23822,-0.02306136458584088
80,175.81954133911037,178.18589383901545,174.91122,-0.01512836405637249
81,180.26863976936946,143.3775389762686,177.62912,-0.04396220600745705
82,184.96815904300243,172.66399109310305,184.67813,-0.004830525445707407
83,189.91548790221262,286.44783111404865,186.93134,-0.04970219208385224
84,195.1073749642581,133.26199804693348,186.93134,-0.13617504228175797
85,200.53992550775143,164.66496860725255,195.51462,-0.08369840581038776
86,206.20859997516848,185.4829264859309,199.62653,-0.10962694305861115
87,212.10821421951792,228.19505832141127,205.22888,-0.11457789269256265
88,218.23294151813099,252.49610290147402,212.33047,-0.09830782326114962
89,224.57631637142583,169.34382648405943,212.33047,-0.20395913980231103
90,231.13124009929112,265.87199352450045,222.80753,-0.13863462463250883
91,237.8899882424485,248.7298604389574,227.48053,-0.1733734827167301
92,244.84421977079668,235.82526812506268,234.62598,-0.17018872014690728
93,251.98498809533214,187.86648261976868,240.50009,-0.19128531233405371
94,259.3027538748046,202.19502214173227,248.83786,-0.17429677885315198
95,266.78739960280643,311.4157872751984,257.50885,-0.1545377647518781
96,274.4282459555368,183.3643607752412,264.31232,-0.1684846391786384
97,282.21406987504474,271.60366764061,269.70428,-0.20835522215563623
98,290.1331243573448,155.40422142710364,278.6032,-0.1920350936484604
99,298.17315990944644,372.7526351623201,287.70374,-0.17437224088913414
100,306.32144763404693,288.89460864114864,287.70374,-0.31008506656474016
101,314.5648038954389,315.3801506322397,300.42526,-0.23549943104799986
102,322.8896165150752,252.8062492642188,311.22665,-0.19425106783283141
103,331.28187244025276,382.11270407863805,320.9322,-0.17237789143395676
104,339.72718682452364,409.76631787552515,330.25195,-0.15781361468333854
105,348.210833453738,423.5016407564866,334.8285,-0.22288799086528707
106,356.7177764470849,375.032247320308,340.3344,-0.27287116137256956
107,365.2327031581377,352.87297784768845,352.59998,-0.2104028739237345
108,373.7400581967434,362.41168437504444,357.39575,-0.27222062585396223
109,382.2240784886345,393.6864216514206,371.12555,-0.1848502170902528
110,390.66882928590644,382.38949531017187,375.55298,-0.25176023354357685
111,399.0582410379909,243.06776960480394,388.7743,-0.1712830758168106
112,407.3761470295011,351.7001059729552,394.03467,-0.22220739905392053
113,415.606321688313,457.27811866966346,401.08368,-0.24188012439978393
114,423.73251946450785,481.0500022611556,414.59424,-0.1522015425957419
115,431.73851417834146,482.01243406384623,414.59424,-0.28554442415330206
116,439.60813873322496,428.62648044845054,427.86804,-0.19553576852973556
117,447.3253250878121,442.8846060725888,430.5772,-0.27894622424933807
118,454.87414437971023,421.62429852775796,439.10785,-0.26259363344802117
119,462.2388470920449,451.2315225679925,448.76074,-0.2244829543544031
120,469.40390315315074,469.22880273121206,455.8711,-0.22539407854808471
121,476.3540418589935,511.29105781685365,461.92938,-0.24024818109486168
122,483.0742915076169,515.4725669476277,474.20374,-0.14774248062175682
123,489.5500186348826,342.36805282005116,479.63074,-0.16520939656166356
124,495.76696674109223,459.6144321273519,486.8551,-0.14843048181070878
125,501.71129439872243,483.6000514624824,492.44873,-0.1542715189281239
126,507.3696126324581,483.8851245207634,499.4275,-0.13227906388863095
127,512.7290214640055,434.6573709458551,504.28467,-0.1406439134917757
128,517.7771455157643,578.2970053666967,511.9474,-0.09709682985657864
129,522.5021685693646,400.398675280455,516.97986,-0.09197617252652904
130,526.8928669773113,554.9426710605362,523.3713,-0.058653420504979605
131,530.9386418285227,532.7779057844934,523.3713,-0.1260373366923674
132,534.6295497713895,571.9561829786273,532.7173,-0.03184949318573353
133,537.95633240113,511.141910947965,535.69824,-0.03760934982658398
134,540.9104441216314,477.25961769578424,535.69824,-0.08681120210534897
135,543.4840783956838,669.6965761557992,539.1438,-0.07228900405138595
136,545.6701923014703,569.0804606212877,545.2722,-0.006628433126537003
137,547.4625293174183,537.7658364623773,545.2722,-0.036480486615385
138,548.8556402619834,520.8358736310294,546.91174,-0.03237634419621379
139,549.8449023196462,636.0345429946871,549.56824,-0.004607960864252051
140,550.4265360893373,503.03615337061615,551.2603,0.013886903338134615
141,550.5976205966319,555.3566154833559,549.56824,-0.017144769548486566
142,550.3561062163988,488.0642788022753,551.2603,0.01505993961170786
143,549.7008254580783,523.8003656895065,551.2603,0.025973889428923886
144,548.6315015714559,517.569365518342,551.2603,0.0437838847458299
145,547.1487549365954,536.0076606069948,546.91174,-0.003947521056689751
146,545.2541072075576,526.7240719091476,546.789,0.025564246601242804
147,542.9499831855885,513.2288605869117,539.88904,-0.05098120276943278
148,540.2397104036147,567.5646384909892,539.1438,-0.01825282336941602
149,537.1275164101311,520.0857410160975,535.69824,-0.0238051048237965
150,533.6185237468511,569.8320020630526,532.7173,-0.015010470895512489
151,529.718742620845,495.5341236758347,529.3156,-0.006714280337699535
152,525.4350612782472,583.2504988573111,521.2408,-0.06985728563063898
153,520.7752340929899,545.561027714615,516.97986,-0.06321342316535258
154,515.7478673903829,555.6691464870577,511.9474,-0.06329843223179245
155,510.36240303168364,526.0453299172406,510.29913,-0.0010537813895028722
156,504.6290997920888,523.8760473226514,499.4889,-0.08561211897207813
157,498.55901257078676,374.7461891971534,495.8504,-0.04511292356419565
158,492.1639694778396,475.24710803193955,492.44873,0.004742802417489578
159,485.4565468486935,482.37373131874045,479.63074,-0.09703106981334948
160,478.4500422430078,494.4749119086954,475.76434,-0.04473133620017084
161,471.15844549027344,433.53680033515633,461.92938,-0.15371355098599515
162,463.5964078502855,445.3897997484663,461.92938,-0.027764943048446015
163,455.77920936198353,468.12238682247363,455.8711,0.0015303693677311766
164,447.72272445941803,345.3132216287627,449.18158,0.02429778607396146
165,439.44338593864296,494.34222719886304,438.70453,-0.012305946019409073
166,430.95814736416776,354.3572578967207,427.86804,-0.05146687817622098
167,422.28444400818813,375.8527343254854,420.71387,-0.02615855324213487
168,413.44015242016286,475.22929236265765,414.59424,0.01922173818280084
169,404.44354872839256,484.91911642751495,401.08368,-0.05595990263437853
170,395.3132657790568,352.96892784622355,391.536,-0.06291161673185525
171,386.068249221711,431.31584130229805,381.5324,-0.0755461298686192
172,376.72771265345705,406.49174768490457,371.12555,-0.09330615732579849
173,367.3110919369498,371.1548396170619,362.9455,-0.07271066436640888
174,357.8379988099919,408.683493846422,352.59998,-0.08724126549246594
175,348.3281739067785,397.0902277068582,343.10492,-0.08699528633954873
176,338.80143931280605,336.5749478044992,330.25195,-0.14239493840144338
177,329.2776507770784,420.48600770068794,322.66815,-0.110083713937028
178,319.776649706536,275.5938122571293,312.55057,-0.12035314052832251
179,310.31821506856267,307.1414540242156,306.8956,-0.057004963987468654
180,300.9220153280135,197.67974468197662,292.3417,-0.14290832079199983
181,291.60756054544686,376.41455124618955,281.69812,-0.16504549260367485
182,282.39415476311495,312.4919022299661,273.3603,-0.1504624386918566
183,273.3008488048098,210.61248154876296,264.31232,-0.14970741159966372
184,264.3463936148223,347.7487205102299,253.90546,-0.17389777099358739
185,255.54919426010906,254.9797424952437,248.55734,-0.11645194514040334
186,246.92726471822868,243.74670143426695,240.50009,-0.1070470092461577
187,238.49818357174078,200.65816765891185,234.62598,-0.06449307788167476
188,230.27905072756053,138.31354221359356,222.80753,-0.12444108709957298
189,222.28644527720337,263.4151300780377,212.33047,-0.1658204673433609
190,214.53638461099825,159.06864608882378,205.22888,-0.15501999245479162
191,207.04428489614375,200.2459250838833,195.31296,-0.19538970736955935
192,199.82492302498733,274.1770331456842,190.40323,-0.15692189507797252
193,192.89240013610203,200.9046675950819,184.67813,-0.1368117694109267
194,186.2601068066321,162.5044862233343,179.39136,-0.11440162882916263
195,179.94069001001336,148.22781673058563,167.69568,-0.2039453121924196
196,173.94602192851806,66.02524836541733,166.81894,-0.11870426860007854
197,168.28717070518542,54.9526314708005,160.16449,-0.13528633527405534
198,162.97437321454493,145.88628934215535,153.96594,-0.15003883569140888
199,158.0170099261814,159.46802863476108,149.49457,-0.14194450810329873
200,153.42358192960063,182.12445620773218,148.53015,-0.08150194388294217
201,149.20169018308093,117.11230996103697,144.47086,-0.07879384423487124
202,145.35801704323436,95.17901716442321,135.69467,-0.16094668668037398
203,141.89831012587703,91.46579075878765,135.69467,-0.1033239544410036
204,138.82736854254256,197.6322907281324,133.77463,-0.08415531732381089
205,136.14903155056834,89.49623628326873,130.35535,-0.09649602118582504
206,133.86616964817853,100.81827648784108,130.35535,-0.05847408947799487
207,131.9806781393842,102.95621711090988,130.35535,-0.02707051254326084
208,130.49347318684397,168.2344728710441,127.16403,-0.05545310733305869
209,129.40449036409984,147.64783482213016,127.16403,-0.03731568497122754
210,128.71268571183356,74.9694237095446,127.16403,-0.02579341583348783
211,128.41603929600635,103.75908471503008,127.16403,-0.020852657151524914
212,128.51156125896583,164.80484407346958,127.16403,-0.02244361171099309
213,128.99530034784055,162.24967530219044,130.35535,0.02265208801935643
214,129.86235489782933,269.36653404141214,130.35535,0.00821096529873753
215,131.1068862413315,160.17675896680026,130.35535,-0.012517176732699815
216,132.72213450728802,209.7440702741543,135.69467,0.04950873436238237
217,134.7004367686193,97.68027338526858,137.84271,0.05233579369281018
218,137.0332474892853,263.89919005636267,144.47086,0.12387618876616123
219,139.71116121626014,117.14047129259538,144.47086,0.0792745189323841
220,142.7239374556357,230.67271132293655,148.53015,0.09670469711504222
221,146.0605276661634,134.55830640200998,153.96594,0.13166768351771363
222,149.70910429781475,204.7690308330198,157.56058,0.13076926532544314
223,153.65709179742882,171.4350874411771,160.16449,0.10838318346843354
224,157.89119949820932,178.137616555397,166.81894,0.14869489443624248
225,162.3974563047626,149.609391620868,170.23822,0.13059089978865424
226,167.1612470805568,133.8176384847057,179.47028,0.20501154794804674
227,172.16735064011039,146.01349982278677,184.67813,0.20837179852766416
228,177.3999792439482,125.54143800078349,188.53577,0.18547076631349865
229,182.84281949035008,183.3746782520476,197.8292,0.24960374252900364
230,188.4790744942269,214.28338748977657,202.47592,0.2331228031782645
231,194.29150724006297,241.47685088775054,212.33047,0.3004458543727275
232,200.26248499278776,255.9378851465516,212.33047,0.20099695292783015
233,206.37402464769372,237.42640739447998,222.80753,0.2737061981703324
234,212.6078388981005,158.11781294218554,230.34747,0.2954603434984746
235,218.94538309739602,190.4257642903427,234.62598,0.2611662375390704
236,225.36790269035356,250.725610416301,244.2876,0.3151147028093237
237,231.85648108724897,178.92777863303837,251.1174,0.32079793589986294
238,238.39208785328688,303.9786586275511,262.0153,0.39345338911628913
239,244.95562708516977,298.4982074816837,266.32007,0.35583288075963165
240,251.52798584635258,308.59377043904584,273.2551,0.3618732758937413
241,258.0900825325727,231.70553482545546,281.54028,0.3905719953963311
242,264.6229150396585,334.25748383784526,287.54596,0.3817920081169108
243,271.1076086064027,367.66475357877937,290.76358,0.32737767161877374
244,277.5254632063991,277.9500878602302,300.42526,0.3814048506816319
245,283.85800036423615,265.07649504290123,303.74805,0.3312762761979343
246,290.0870092732531,373.06607758607447,311.22665,0.3520888097925677
247,296.1945920942437,343.2126852793596,318.0477,0.3639717919596243
248,302.1632083169866,354.4304339200048,324.69336,0.37524821978855194
249,307.9757180693132,322.6776901721365,333.25916,0.4211052458793346
250,313.61542426157723,380.65248502803973,337.39734,0.3960968169250036
251,319.0661134578365,257.3628474145523,344.05176,0.41614539290994335
252,324.31209536882653,250.05054063837838,350.11005,0.4296746687906983
253,329.3382408658397,244.78727171490388,352.59998,0.3874330234375235
254,334.13001841894345,298.781755672724,357.39575,0.3874996252042991
255,338.67352886756436,296.9941080660671,362.9455,0.40425882124416895
256,342.9555384362762,393.3567155760077,368.3813,0.42347548929332685
257,346.9635099137188,394.2362601182902,372.0373,0.4176133682952669
258,350.6856319178377,298.54717129526773,375.55298,0.41417509885561204
259,354.11084617614586,427.6889680704609,381.5324,0.4567165509733868
260,357.228872755368,301.0395026347419,381.5324,0.4047846344898377
261,360.03023318069035,488.08647973666314,388.64276,0.47655251785409314
262,362.5062713908354,430.2779090153491,388.64276,0.43531316139825155
263,364.64917248132156,485.1058080042552,388.64276,0.39962233015094556
264,366.45197919452636,476.5735069351773,388.64276,0.36959589987930574
265,367.9086061215309,332.43182137531704,391.38696,0.3910409459074391
266,369.01385158715703,428.4998674869473,391.38696,0.3726326630540465
267,369.7634071961186,408.29389516835425,391.38696,0.36014852980651096
268,370.15386502474314,393.238883835367,391.38696,0.3536453064274668
269,370.1827224493008,463.6397357213872,391.38696,0.35316467506529525
270,369.848384608542,368.5612839406198,391.38696,0.35873319873962106
271,369.1501645046121,329.86374760387076,391.38696,0.37036231966054267
272,368.08828075303717,346.57396906320315,388.64276,0.3423426761753296
273,366.66385299895046,360.1538434015058,388.64276,0.3660670612254835
274,364.8788950231361,426.9920576727471,381.5324,0.27737060917189615
275,362.7363055677789,273.0407719435428,381.5324,0.31305625001781284
276,360.23985691802176,333.18662800429274,381.5324,0.35463555009453
277,357.39418128151317,291.5447497247325,375.55298,0.3024416621999591
278,354.2047550140663,418.3826914093056,372.0373,0.2970076818992359
279,350.67788074533746,423.41707125591097,368.3813,0.2948569462302352
280,346.8206674640269,345.77555357101494,362.9455,0.2685651347339849
281,342.6410086275277,317.1280070079283,357.39575,0.24574585195238374
282,338.1475583661436,293.86406729182886,352.28436,0.23545384498335506
283,333.3497058569863,372.1353098116309,345.437,0.20131866825869796
284,328.2575479474038,404.6884560700558,340.3344,0.201144749651793
285,322.881860112289,353.761070363833,334.8285,0.19897567666968305
286,317.2340658338543,245.96779663991424,326.26276,0.150376268388176
287,311.32620449641666,327.0496856168426,318.0477,0.11194904245274921
288,305.1708978924141,224.79510406556528,316.2504,0.18453325961690337
289,298.78131543925406,263.30911022979257,303.74805,0.08272279775810075
290,292.1711382096786,295.67585122331866,296.95334,0.07964936352036855
291,285.3545218810874,427.39433348074834,290.76358,0.09008992196980578
292,278.3460587117197,250.10511990500882,281.54028,0.053201021640665265
293,271.160738653704,313.24875586565406,276.38507,0.08701323540738366
294,263.8139097147895,275.5770011196796,264.31232,0.0083011608065279
295,256.3212376820243,318.1753325821101,262.0153,0.09483659164200021
296,248.69866532176502,256.0147745544474,250.03024,0.02217793045115668
297,240.96237117118602,186.99718817079264,244.2876,0.05538290958196642
298,233.12872803689294,226.72420745032417,234.62598,0.024937242647347983
299,225.21426131634774,209.76272305412277,226.20047,0.01642567956752753
300,217.23560725756613,216.54984350240375,212.33047,-0.08169684249819627
301,209.2094712719728,278.40427482345336,205.22888,-0.06629822834898783
302,201.15258641438734,177.41898812678176,197.32947,-0.06367549247063742
303,193.08167214286138,235.98176694404617,186.56311,-0.10856912150602599
304,185.01339346953037,258.5932051962317,179.39136,-0.09363714486589698
305,176.9643206117373,233.30631231213346,171.93909,-0.0836971751418066
306,168.9508892504956,118.78810419644986,166.81894,-0.03550843736889528
307,160.98936150084813,109.74894978910831,153.96594,-0.11697771195965248
308,153.095787695867,205.68981418504524,148.53015,-0.07604240646800096
309,145.2859690829648,146.36734846539812,140.40277,-0.08133151811787277
310,137.57542152780735,232.7087244567763,133.22229,-0.07250305767816842
311,129.9793403174974,93.40244317211338,125.34039,-0.07726342771438288
312,122.51256615081907,72.49856727287764,114.42499,-0.13470168812313985
313,115.18955239920138,98.26923714888129,108.524536,-0.11100837639233715
314,108.02433371772823,64.64416679439991,100.49359,-0.12542737398597073
315,101.03049608095117,104.14935761053425,94.61069,-0.10692435336076901
316,94.22114831352008,110.78821919216419,86.38687,-0.13048285743249727
317,87.60889518070351,199.22863025431076,79.986664,-0.12695115723686168
318,81.20581209877619,57.46985212022683,75.2435,-0.09930457575458985
319,75.0234215200076,95.9162676780376,65.95007,-0.15112006040290302
320,69.07267104159712,111.59617055321326,65.95007,-0.052008051891305314
321,63.36391328242047,-98.98246527252911,58.576706,-0.0797327559476536
322,57.90688756585266,70.72949755332453,50.081085,-0.1303417095045711
323,52.71070344127381,89.3643601715847,46.22345,-0.108047673929169
324,47.783826071122405,-10.416546665461091,41.05069,-0.1121429426450585
325,43.13406350460875,59.64997047752039,38.946503,-0.06974541531315472
326,38.768555853379155,-112.26727623441684,32.4937,-0.1045101378934385
327,34.69376637864076,-24.512940016932646,31.134766,-0.05927650878109859
328,30.915474493453047,108.16865610527833,27.724243,-0.0531511693909098
329,27.43877067813351,22.872649635859933,22.761902,-0.07789502588644767
330,24.268053301015712,59.71308653063114,18.194092,-0.10116413492408996
331,21.407027331139858,99.51249507628792,18.194092,-0.05351266116342566
332,18.858704923899637,12.143969642034481,18.194092,-0.011069383961160539
333,16.625407855198475,15.372683393499424,18.194092,0.02612702662353602
334,14.708771774323964,-21.538239410974015,18.194092,0.05804932823077982
335,13.109752240526078,-34.47869793992123,11.373047,-0.02892548722966041
336,11.828632503223929,59.853240900797,13.608749,0.02964852259207338
337,10.865032980863333,74.22290339804618,13.608749,0.04569763848232412
338,10.21792238871653,-19.064756357416133,11.373047,0.01923903687977569
339,9.885630461397056,-13.223989573659324,10.40863,0.008710762060934105
340,9.865862211522241,21.335133282976223,15.388519,0.09198195035534983
341,10.15571366186495,19.45903077158298,15.388519,0.08715436440334413
342,10.75168898445473,130.28619684541252,18.194092,0.12395604446321308
343,11.649718976456512,-2.881237948932581,18.194092,0.10899901399556608
344,12.845180799282787,-32.60086031527847,18.194092,0.0890881434609816
345,14.332918904267359,-56.72265726464538,18.194092,0.06430930047987822
346,16.107267065392477,41.689293176162515,22.761902,0.11083546896286409
347,18.162071436991624,-101.08786788232511,22.761902,0.07661192201589115
348,20.490714552064162,106.99717673300337,30.819122,0.17202355262097646
349,23.08614017485101,-25.895644745555224,31.134766,0.13405291265630548
350,25.940878919626982,-22.04686652301541,31.134766,0.08650615501672113
351,29.047074546265463,41.27633997912359,41.05069,0.19992476769646958
352,32.39651084204549,65.01692779640797,41.62056,0.15363003565396066
353,35.98063899837862,36.218026411039475,46.22345,0.17059790119276375
354,39.79060539065398,46.63048371447328,54.31575,0.2419218001956726
355,43.817279669224064,121.15901862741809,59.672638,0.2640770117205668
356,48.05128306967889,158.46060095738687,59.672638,0.19355807758167426
357,52.48301685098832,51.30371631341795,65.95007,0.22429893716989227
358,57.102690770820715,-29.553968117153673,72.323975,0.2535162613249422
359,61.90035150836812,150.75653409516352,72.9552,0.18412270202388362
360,66.8659109463242,137.05335477143115,79.986664,0.21853112057877422
361,71.9891742252549,129.92044738522355,86.38687,0.23979911171743878
362,77.25986748547669,103.56878700639643,91.69116,0.24035869102332746
363,82.66766521369837,160.95420264747838,94.61069,0.1989155664636505
364,88.20221711408789,80.71385349846356,101.87009,0.22764355666868233
365,93.85317442607169,25.169913747382935,112.33835,0.3078775905268625
366,99.61021561407199,175.97523401731695,112.33835,0.21199188379174894
367,105.4630713575086,163.07562420747195,119.18567,0.22855507281947784
368,111.40154877272131,204.2876897243898,123.99896,0.20981470680262163
369,117.41555480202719,71.81639590511625,133.22229,0.26326717664224475
370,123.49511870884166,153.25762884592334,137.84271,0.2389646202492367
371,129.63041362171734,146.98392198540807,148.53015,0.31478230772605925
372,135.8117770742196,124.16256578690499,152.10724,0.2714071013573313
373,142.02973049177808,151.95840326539977,153.96594,0.19880214081105888
374,148.27499758101237,60.14178562488543,160.91846,0.21058161742696951
375,154.53852158149243,206.7120776699806,167.69568,0.21913744730737064
376,160.81148134446687,214.41449373624857,174.91122,0.2348365731945336
377,167.08530620774764,120.18688653016186,184.67813,0.2930151780247653
378,173.3516896406521,83.18958646712575,191.26242,0.2983100251159358
379,179.60260163768828,313.701328506618,198.5043,0.3148150121522422
380,185.83029984445767,162.4908059818425,199.62653,0.22978138255251374
381,192.02733940408058,131.4505647801077,208.66571,0.2771183867694852
382,198.18658151726726,266.900304461979,212.33047,0.23557191346121167
383,204.3012007139494,184.44718756956982,219.8266,0.25858140492656895
384,210.3646908391715,187.5940122304447,226.20047,0.26375091373204096
385,216.37086976063824,279.2956543006423,234.62598,0.3040457346162384
386,222.3138828099711,208.93722113643665,236.77396,0.2408380139455524
387,228.18820497428973,182.88827035621637,240.50009,0.20505914536053205
388,233.98864185918637,273.42292227767933,249.6182,0.2603161345658145
389,239.71032944852246,253.7573119120821,256.24634,0.27541349875239485
390,245.34873269067828,298.1154621420284,262.0153,0.27758782815264604
391,250.89964294496735,324.3135725120574,266.62692,0.26194381388107435
392,256.35917432582187,217.0277470587293,272.83426,0.2743987908199817
393,261.72375898611637,322.2232872609675,278.6032,0.28113367266055667
394,266.9901413845215,187.59762219434833,281.69812,0.24496696990221795
395,272.155371585155,298.8761817141791,290.76358,0.30992678140837226
396,277.21679764092914,245.2699131814283,292.3417,0.2519110798357937
397,282.1720571149142,276.38193506182773,292.3417,0.16937935195632678
398,287.0190677967506,316.927821817595,300.42526,0.22328526183676428
399,291.75601767357506,301.29445288700754,305.35254,0.2264552258603865
400,296.3813542171489,304.5232933421565,316.2504,0.3309264466134848
401,300.8937730508277,264.75295078494247,316.2504,0.25577039772955845
402,305.29220606169935,389.238977827325,322.66815,0.289402974239502
403,309.5758090246578,278.8531333209681,324.83368,0.25412562064169647
404,313.74394880632775,379.11056720699673,324.83368,0.18470367007979907
405,317.7961902176377,365.9857197088953,330.25195,0.20745546024351064
406,321.73228258446244,244.9432850367664,330.25195,0.14189834747621896
407,325.5521461060644,322.31874507372567,334.8285,0.15450104962832875
408,329.25585807113856,275.22830274808183,340.3344,0.18451751551724335
409,332.8436390010236,351.00348055820456,342.88568,0.16725402464553027
410,336.31583878915103,380.538370744081,345.437,0.15191659813564248
411,339.67292290503224,454.1937907876073,350.03992,0.1726662225098491
412,342.9154587300287,470.54438523819834,357.39575,0.24117478129603925
413,346.04410209086177,457.02105409428435,357.39575,0.18906603828393653
414,349.059584055232,259.62733094603846,357.39575,0.13884204129338168
415,351.9626980521134,398.8681595819883,362.9455,0.18292266303864038
416,354.75428737721006,273.45116458954345,362.9455,0.13642768295946064
417,357.43523314177185,265.3580164541627,362.9455,0.09177551338851357
418,360.00644272042206,400.3645653668535,368.3813,0.13948620480359825
419,362.46883875091464,406.52651391101443,368.3813,0.09847406402933158
420,364.82334873576923,429.38316699082793,374.43958,0.16016190263152888
421,367.07089529258934,286.3389809207729,375.55298,0.1412723164326233
422,369.21238709653267,351.55268822618234,375.55298,0.10560495738774509
423,371.2487105548913,448.1446037107605,380.10327,0.14747607405038815
424,373.18072225008564,501.3186286430571,380.10327,0.1152976857490602
425,375.00924218355976,437.18759258328026,380.10327,0.08484299203141638
426,376.735047849149,345.3957576785538,380.10327,0.05609904344244231
427,378.35886916042693,339.2230277912294,385.35498,0.11652289002106096
428,379.88138425241146,350.3110147221416,388.7743,0.14811475473476185
429,381.3032161737771,557.1423178114135,388.7743,0.12443360426412485
430,382.62493048144097,322.947121426648,388.7743,0.1024199506608786
431,383.8470337450442,343.4470427831328,388.7743,0.08206535681532239
432,384.9699729644966,441.5009327416698,388.7743,0.06336237777424816
433,385.99413589935824,350.63381228935253,391.536,0.09230202956508744
434,386.91985230446784,367.2719955986157,393.8769,0.11587213897227328
435,387.7473960618569,435.65963572874955,393.8769,0.10208908350328137
436,388.4769881946826,402.72834035615347,393.8769,0.08993744953022814
437,389.10880074462926,392.332928751824,395.4024,0.10482236475826041
438,389.6429614900499,408.40574906617786,397.11206,0.12440068054941389
439,390.0795594780019,432.74220099530527,395.4024,0.08865400949049995
440,390.4186513393235,441.21617852615066,395.4024,0.08300630579876364
441,390.6602683520264,473.0898788960112,395.4024,0.07898208271859329
442,390.80442421451426,438.5056170204816,397.2348,0.107100387507583
443,390.8511234865514,368.9610740734172,395.4024,0.07580331799200078
444,390.80037065245966,393.75559587691043,395.4024,0.07664862571289019
445,390.65217975778006,313.20905262595113,395.4024,0.07911680132672455
446,390.40658456755335,420.9632004408412,397.2348,0.1137265578736395
447,390.0636491915349,316.83799480371425,397.2348,0.11943827676190073
448,389.6234791190027,371.9554880051737,395.4024,0.09625020102753373
449,389.0862326034069,471.0552725811119,395.4024,0.10519824571865932
450,388.4521323349432,400.1597228871142,395.4024,0.11575942643581323
451,387.72147733718754,396.48508148066986,391.38696,0.06105005355029982
452,386.89465502227216,418.2947229245664,391.38696,0.07482109312098618
453,385.9721533376747,434.17989494282637,388.64276,0.0444799883917242
454,384.95457293654425,283.7231342497902,391.38696,0.1071338968406986
455,383.8426393026549,262.1465483399856,385.35498,0.025188616304828607
456,382.63721476046675,438.77608727377805,385.35498,0.045265419712884385
457,381.3393103005126,363.14208638144396,381.5324,0.003216143278118463
458,379.9500971503105,363.1423154188097,381.5324,0.026354015730809303
459,378.47091802128836,429.25518101152073,381.5324,0.05099030571771218
460,376.90329796279417,433.91712065460433,378.96356,0.03431447994567824
461,375.2489547551186,405.6333345619359,375.55298,0.005063631158517244
462,373.5098087746246,421.24392765881754,372.0373,-0.02452531794255738
463,371.6879922655122,213.21444504009585,372.0373,0.005817727697284183
464,369.7858579544729,358.81457511558085,368.3813,-0.023393668824474474
465,367.8059869464915,341.8557669137085,368.3813,0.009581834501844107
466,365.75119584231874,282.2142663743864,362.9455,-0.04673000267185555
467,363.62454302067886,440.43122118587047,360.38544,-0.05394854035549706
468,361.4293340310734,375.939245841603,357.39575,-0.06718084091951927
469,359.16912604607177,381.1508112967314,356.9925,-0.03625265517442525
470,356.8477313252791,266.9658021666519,352.59998,-0.07074798456433788
471,354.46921964664836,289.06005894641436,350.11005,-0.07260368567110159
472,352.0379196645581,274.06483648548874,350.11005,-0.032109461389067395
473,349.5584191579738,424.57009156973544,345.437,-0.06864360565580634
474,347.0355641361473,350.6144869777843,344.05176,-0.0496964271681716
475,344.4744567735809,264.0027009291651,340.3344,-0.06895402384630171
476,341.880452150441,322.7032252876619,334.8285,-0.11745308683253979
477,339.25915377920404,220.75586368069094,334.8285,-0.07379436724346543
478,336.61640790302937,304.8980985610516,332.55774,-0.0675986672218759
479,333.9582965562055,332.2383690111492,330.25195,-0.06173055701684601
480,331.29112938192475,439.01200870248033,329.19983,-0.03483140016365378
481,328.6214342076704,300.8247689326651,324.69336,-0.06542357769197099
482,325.9559463835461,403.46899464563813,322.66815,-0.054759466126737974
483,323.30159689399596,264.4672530201621,318.0477,-0.0875056645702948
484,320.66549925848176,356.9569722340245,317.4515,-0.05353025184021852
485,318.05493524181713,254.7304336060337,317.4515,-0.010050317002008483
486,315.47733939996476,334.6790195316775,311.22665,-0.07079677829599645
487,312.94028249218627,201.2232725098126,311.22665,-0.028541132264386045
488,310.45145379544516,401.32469732387193,305.35254,-0.0849243607583695
489,308.0186423619171,289.96247086376076,305.35254,-0.04440496267879291
490,305.64971726530956,243.44911039350572,300.42526,-0.08701527847384793
491,303.35260688643154,381.2039249025927,300.42526,-0.048756032980454105
492,301.1352772930684,201.07051261041954,296.95334,-0.06965177628635238
493,299.00570977366993,308.0525101735921,297.08487,-0.03199232595371011
494,296.9718775886617,273.9686562181039,292.3417,-0.07711727701272907
495,295.041722007284,431.43818202133036,292.3417,-0.04496980299171937
496,293.2231277017898,294.13677236372985,290.76358,-0.04096469541085365
497,291.52389757450226,250.54016979964985,290.76358,-0.01266337250210503
498,289.9517270967099,232.2766083300678,286.28342,-0.06109710158725794
499,288.5141782415686,321.52174306295177,286.28342,-0.03715417961741257
500,287.2186530961435,215.78113357769445,286.28342,-0.015576716454370226
501,286.07236724038546,355.8877414743537,286.28342,0.003515109678282784
502,285.0823229832274,333.0019359312651,284.7491,-0.005549705630823188
503,284.2552825480716,226.55095981065176,281.54028,-0.04521934488122003
504,283.5977413017155,308.8642484352769,281.54028,-0.03426774577754162
505,283.115901122225,319.5344240791468,281.54028,-0.02624251465011504
506,282.81564400238824,268.4351627485189,281.54028,-0.021241618322013756
507,282.7025059861934,188.8287637941134,281.54028,-0.019357261707705718
508,282.7816515362124,427.3661876972543,281.54028,-0.020675460892094003
509,283.05784842990346,290.07415704514904,281.54028,-0.025275625018904724
510,283.53544328258886,353.69129009155824,281.54028,-0.03323014861658957
511,284.2183377942865,432.1895855870006,286.28342,0.03439467401377042
512,285.109965816626,232.18200644286821,287.70374,0.04320021636874533
513,286.2132713347778,289.1258611438515,287.70374,0.024824244077068704
514,287.53068745768365,311.14581749492265,291.42114,0.06479700710189538
515,289.06411650787044,310.847749352693,292.3417,0.05458948609060552
516,290.81491129978156,246.23247198011452,292.3417,0.025429334115235472
517,292.78385769288315,313.09358026851027,296.95334,0.06944428789924909
518,294.9711585027558,328.47832171506764,300.42526,0.09084017199506943
519,297.3764188500594,377.84988996389365,302.16992,0.07983761280731533
520,299.9986330235658,237.90011433602047,304.94043,0.08230749966670792
521,302.83617292947366,297.424337689463,307.3252,0.07476637211548844
522,305.88677819495194,289.1613910523499,311.22665,0.08893765977712029
523,309.1475479892668,364.2981495775477,317.4515,0.1383055995153784
524,312.61493462102794,343.92294331178493,320.9322,0.13852704513442432
525,316.2847389649641,317.53113479420455,324.83368,0.14238584533776502
526,320.15210776630664,295.0497040067099,328.05127,0.13156353823302563
527,324.2115328652617,284.70104169060176,330.25195,0.10060549276412022
528,328.4568523782831,294.5215378002616,340.3344,0.19782525868651493
529,332.8812538668575,353.3708792195727,343.10492,0.17027903158539992
530,337.4772795183555,324.1556212423777,350.03992,0.20923549672463126
531,342.2368333571934,287.865679569832,357.39575,0.2524775445311406
532,347.1511904980844,302.7276238054733,357.39575,0.17062706053855287
533,352.2110084466074,332.5512602462149,368.3813,0.26932212229014235
534,357.4063404456426,462.3858024129763,371.12555,0.22849863245059357
535,362.7266508595004,284.4488616244086,376.78925,0.23421785457384134
536,368.1608325807831,537.7466758266121,380.10327,0.19890585406938444
537,373.69722643820177,439.19499688137256,388.7743,0.2511142510407697
538,379.3236425767687,368.1168085268966,391.536,0.20340162840789522
539,385.0273837749726,246.9247297252881,398.31317,0.22127983682663063
540,390.7952706567977,377.97721812949817,405.54626,0.24568340537182942
541,396.6136687497595,365.0993362230382,414.59424,0.2994732121459208
542,402.46851733350906,504.59948717922026,420.71387,0.30388322894507513
543,408.34536001709665,493.2508842101084,427.86804,0.3251576803807211
544,414.2293769765968,470.3785868730448,427.86804,0.2271571439629784
545,420.1054187786116,435.6102465405952,438.0558,0.2989701834164428
546,425.9580417091476,399.5522464287047,444.38586,0.30692238095342644
547,431.77154452152325,541.7283778724292,447.20892,0.2571154052567212
548,437.5300065113863,454.78725939806117,451.7417,0.23670113772820814
549,443.2173268215347,529.4384356496862,455.8711,0.2107532923902436
550,448.8172648741644,414.1980844075106,468.22437,0.3232326247025584
551,454.3134818233273,456.9749195550348,468.22437,0.23169104469120297
552,459.6895829158846,421.5754109135022,475.76434,0.2677312365891318
553,464.9291606450394,494.9599797580606,479.63074,0.24486034094545947
554,470.015838576655,495.5975951691141,486.8551,0.28046433457868203
555,474.93331572507924,621.7742167831424,492.44873,0.2917258825516346
556,479.6654113520082,437.5474634009806,492.44873,0.21291103327246322
557,484.1961100591903,477.23254810481166,499.4275,0.25368441964475097
558,488.5096070433567,477.7774530213722,499.4275,0.18184148968818373
559,492.5903533798065,516.1675369558369,504.28467,0.19477324940471427
560,496.42310119949633,425.243846029222,507.49353,0.18438219928464797
561,499.9929486233278,564.7072593600792,510.92163,0.18202135188316365
562,503.28538431662656,430.26993767004353,516.97986,0.22808666514964468
563,506.2863315264862,626.7350675582625,516.97986,0.17810475001380593
564,508.98219146482865,494.2854540691738,516.97986,0.1332041792161473
565,511.35988590058895,578.1429403315904,521.2408,0.16457010414042736
566,513.4068988254953,410.2493586643973,524.6776,0.18771801209514927
567,515.1113170593533,562.3961076317521,524.6776,0.1593302793017262
568,516.4618696626821,682.8764503297932,526.4486,0.1663329252625084
569,517.4479660268851,449.5723995558666,526.4486,0.14990911593010273
570,518.0597325149188,394.04310242995166,526.4486,0.13971991280537296
571,518.2880475286523,571.9642392005999,524.6776,0.10642062724111401
572,518.1245748827153,430.416500553541,524.6776,0.10914332622409283
573,517.5617953687001,410.55514943675934,522.67865,0.08522315495012273
574,516.5930363980107,437.4237771953265,516.97986,0.006442667280013089
575,515.2124996164989,376.4589660788415,516.97986,0.02943603151805028
576,513.4152863892338,484.0958399604404,516.97986,0.05936930015771269
577,511.1974210593345,530.8475837657146,511.9474,0.012490979058547529
578,508.55587189071434,528.3508953819903,507.49353,-0.01769370297003133
579,505.4885696108454,526.3168081466489,507.49353,0.0333933810495323
580,501.9944234762269,404.5423688622094,498.45435,-0.0589613393558246
581,498.07333479009606,569.3745547823263,492.44873,-0.09367992043929982
582,493.7262078090687,482.5765449387451,492.44873,-0.02127687011686943
583,488.9549579827898,588.7793822768033,486.8551,-0.03497388965759734
584,483.76251747829383,477.6285853174346,475.76434,-0.13321262820654756
585,478.1528379486198,543.5827457952443,474.20374,-0.06577380309134755
586,472.1308905132285,437.55916249722463,467.44403,-0.07806142859957048
587,465.7026629259682,505.14393285269267,456.5287,-0.1527960600249684
588,458.8751539146346,375.8448177917009,448.76074,-0.1684593674069389
589,451.656364684603,505.4229122367983,439.10785,-0.20900029094660547
590,444.0552875875193,421.8964500045031,435.26776,-0.14635958779581054
591,436.0818919645928,441.9906190882006,427.86804,-0.13680478980450758
592,427.7471071826384,449.298877646682,414.59424,-0.2190660252409951
593,419.0628028896063,423.39423099905287,406.90527,-0.202488268817317
594,410.0417665249035,384.307735248669,397.2348,-0.21330485242395356
595,400.6976781283534,400.1139920208201,388.7743,-0.19858852299422924
596,391.04508250003744,407.26489134334474,375.55298,-0.258026873675231
597,381.0993587716421,470.4098095729246,368.3813,-0.21182432027849996
598,370.87668745809196,419.717234773032,352.59998,-0.3044055752646597
599,360.39401506631106,323.53541379502644,345.437,-0.24911456940930893
600,349.66901634578943,362.4185066890255,334.8285,-0.24717458055389885
601,338.72005427326934,263.43538314279147,324.83368,-0.2312828490335505
602,327.56613787126065,263.38741141407206,311.22665,-0.27214030653314514
603,316.22687796722585,192.37398087377153,298.15448,-0.3010026499324669
604,304.7224410071146,374.9756525566687,284.7491,-0.3326633279906438
605,293.0735010434635,215.68663378100354,272.83426,-0.33709225981947544
606,281.3011900244695,280.75765429325713,262.0153,-0.321213998643388
607,269.42704651628475,209.09699532091432,248.55734,-0.3475928434064288
608,257.4729629962553,245.0899691127161,234.62598,-0.38052523326294224
609,245.46113185989296,194.15883039235328,227.63834,-0.2968454287189761
610,233.41399028901776,265.9819525337234,212.33047,-0.351153954258229
611,221.35416413276147,198.2652664154347,205.22888,-0.26857269886430085
612,209.30441095687675,253.09025755819985,195.87408,-0.22368718662408996
613,197.28756242014293,165.43404752395267,184.67813,-0.2100148659423869
614,185.32646613950288,178.63681549512717,167.69568,-0.2936474584215636
615,173.4439272079329,209.1940500447978,160.16449,-0.2211740726689972
616,161.662649530921,175.3268555012117,148.53015,-0.21872674287128982
617,150.00517714881858,184.02176726074038,137.84271,-0.20257046801878492
618,138.49383571317026,197.99612945044177,125.34039,-0.21907558118805726
619,127.15067428551092,118.47230472047197,114.42499,-0.21195114003530913
620,115.99740762693112,140.8278773083476,107.08667,-0.14841171957592142
621,105.0553591460447,206.5522605350309,91.69116,-0.22258577556807244
622,94.3454046717949,76.81099621425341,86.38687,-0.13255239425539622
623,83.88791721580841,-42.931065008200164,79.986664,-0.06497685650518999
624,73.70271288680144,138.91885414481618,65.95007,-0.12912315668956928
625,63.80899811677401,2.037778714138774,59.672638,-0.06889264918584986
626,54.22531835552414,55.68904467320527,49.71286,-0.07515670534611352
627,44.96950838625958,32.09184815849579,41.34877,-0.06030477013357614
628,36.05864441087697,-75.1695946018547,31.134766,-0.08200907060486741
629,27.508998048800798,-18.52946868697584,22.761902,-0.07906468940780956
630,19.335992388112054,53.4873340212459,18.194092,-0.019018787887123103
631,11.5541602221192,-39.12194781629178,10.40863,-0.01907923458680299
632,4.177104598503497,34.708197958175184,6.8140106,0.04391867093178284
633,-2.782538198264838,6.690073274364906,-0.21743774,0.04272272194316079
634,-9.313133117355825,-39.09491428940321,-7.9853516,0.02211470590875198
635,-15.40407815817651,-145.8602750301115,-12.114792,0.05478431195560695
636,-21.045833433989138,86.08744200660956,-18.10292,0.04901533170086704
637,-26.22994739128999,4.2718000167764245,-18.10292,0.13535871788807258
638,-30.949080101853603,-117.70076435805629,-25.222046,0.09538592901425191
639,-35.197023552814834,-41.25882897670994,-30.955917,0.07063723386900717
640,-38.9687188688667,-89.66814546012618,-33.305588,0.0943215985702603
641,-42.2602704095886,-31.61371227430735,-38.338074,0.06532567481285538
642,-45.068956694060724,33.068534785874014,-38.338074,0.11210541124155639
643,-47.393238114230726,-70.95385633690226,-38.338074,0.15081720074357072
644,-49.23276140794563,-98.9995988498944,-44.694427,0.07558767444754605
645,-50.58836087213638,39.009336585331226,-44.694427,0.09816569819776699
646,-51.46205630628143,-38.0288605555671,-44.694427,0.11271742736532218
647,-51.85704768598821,-20.922636635400572,-44.694427,0.11929615875887292
648,-51.77770657625263,-105.61934696557464,-41.11734,0.1775524512352783
649,-51.22956430367792,-136.1882364512345,-38.338074,0.2147126699488798
650,-50.2192969166079,-8.894221518558574,-38.338074,0.1978862830537232
651,-48.75470697175718,-74.84595816104405,-38.338074,0.17349298146820305
652,-46.84470219541504,-42.86471389764688,-38.338074,0.14168112675562233
653,-44.49927107670027,23.781263217375113,-31.543335,0.21578603492784845
654,-41.72945545956159,-47.41841369678879,-29.921371,0.1966681221335108
655,-38.547320209251765,-193.86285406936383,-25.222046,0.22193750279134053
656,-34.965920037836895,1.490712368243095,-22.223602,0.21222813982457825
657,-30.999263581860255,1.0300509535623164,-18.10292,0.21479348978604734
658,-26.662274833598197,-8.62024650726482,-14.306641,0.20578777875019813
659,-21.97075203533378,-80.05569667325062,-9.67746,0.20474945090217278
660,-16.9413241537599,-65.48462975991558,-5.328827,0.19341055055245968
661,-11.591405058954159,5.453653618183651,-0.21743774,0.18943774392932494
662,-5.939145539311006,22.047420924335718,8.251862,0.23635661127677116
663,-0.003383290386679505,20.83105274315055,15.388519,0.25635798120003794
664,6.196408978258674,137.32985659457148,18.194092,0.19982596244831585
665,12.640177168414837,30.529903564561998,22.761902,0.16858116753087227
666,19.30734099574343,17.68375462564196,31.134766,0.19699024766339668
667,26.176850609628865,73.34356464936936,38.946503,0.21268340351864173
668,33.22724446627325,-19.820718898179585,46.22345,0.2164567324934349
669,40.43670828713131,43.2625978552418,52.23787,0.19655281653974813
670,47.783134931525645,56.33570534651191,58.506546,0.17860248299445644
671,55.24418500955063,43.553826226144665,65.95007,0.17831063316920442
672,62.79734805913513,84.9880738278688,72.9552,0.16918288391236347
673,70.4200041095066,127.39931433915069,79.986664,0.15933634958000156
674,78.08948545214432,67.15657300510303,87.08826,0.14987795391862327
675,85.7831384397711,19.30163684412541,91.69116,0.09840037728903601
676,93.4783851339077,193.8794191400993,100.49359,0.1168409222699954
677,101.15278462205858,93.34401084862746,112.33835,0.1862998113037539
678,108.78409382670381,173.67814147649568,119.18567,0.1732421827179248
679,116.35032762990168,135.08230102896434,119.18567,0.04722368608897616
680,123.82981813951557,154.07714123326133,130.35535,0.10868515535353976
681,131.2012729257986,202.55411293120147,133.22229,0.03366080733154857
682,138.44383206032686,109.13130978809625,143.26096,0.08023102495481454
683,145.53712379306185,156.2094607665552,148.53015,0.04985001059587786
684,152.46131870759942,109.92487123021975,153.96594,0.025060078564124882
685,159.19718219944974,173.55336621530464,160.16449,0.01611087444249925
686,165.72612512744786,230.95327104715273,167.69568,0.03280366270424014
687,172.03025249411763,148.02245184581741,171.93909,-0.0015183973482286893
688,178.09241001697995,131.74987848604866,179.39136,0.021634462193828002
689,183.89622845938723,241.82081610863682,184.67813,0.013022885399287355
690,189.42616559645046,272.8953825102585,188.36041,-0.01775052082438638
691,194.66754569900678,194.4053381273663,194.94473,0.00461665417381487
692,199.6065964263044,140.293414359791,198.11853,-0.024784306743132062
693,204.23048302615115,96.97117065043908,202.47592,-0.029222886184723587
694,208.52733974962013,201.7526209595457,205.22888,-0.054937068862511367
695,212.4862983960872,358.9497278682038,207.84158,-0.0773594941628819
696,216.0975139132485,370.9395018783889,212.33047,-0.0627414657539957
697,219.35218698590535,208.6320072076036,212.33047,-0.11694928146563657
698,222.2425835566125,223.91785299279215,218.71313,-0.05878430962325255
699,224.76205123077423,218.85440836907972,222.00967,-0.045841886557155515
700,226.90503252837985,94.88780817359898,222.80753,-0.0682455329944704
701,228.66707495428932,201.35307015558544,222.80753,-0.09759301858441972
702,230.0448378687769,220.2746791411107,226.20047,-0.06402940691564296
703,231.03609614984063,188.98784102213733,226.20047,-0.08053918993316614
704,231.6397406486582,205.03844471751628,226.20047,-0.0905931182438634
705,231.85577544934594,285.98779347242197,226.20047,-0.09419125987024253
706,231.68531195395744,207.4099084943717,222.80753,-0.14786290173385241
707,231.13055982331042,276.1771785019145,222.80753,-0.1386232943777731
708,230.1948148137972,239.22536162332054,219.8266,-0.17268656881405534
709,228.8824435597233,192.6078834392451,219.8266,-0.1508285273155834
710,227.19886535994965,170.0426459449083,219.8266,-0.12278789320207285
711,225.15053103663763,172.02338105221918,212.33047,-0.2135229030608165
712,222.74489894265528,201.26430116346526,212.33047,-0.17345618720042677
713,219.99040820274232,286.2724195312989,212.33047,-0.12757909814252807
714,216.89644928173166,247.42082245865527,206.86838,-0.16702133974561492
715,213.47333198105218,210.0004252718097,199.62653,-0.2306238127835115
716,209.73225097227197,104.6157096623875,199.62653,-0.16831468822350434
717,205.68524898366317,210.74768666495177,195.87408,-0.1634086698898765
718,201.34517776255024,216.113597140029,186.58939,-0.24576331429560028
719,196.7256569426081,270.77478052881054,184.67813,-0.20065611687801335
720,191.84103095124075,146.6837756197366,181.16238,-0.17785691873197118
721,186.70632409766498,195.51925761035898,171.93909,-0.24595394190094466
722,181.3371939873911,174.75058143218334,167.69568,-0.22720461613979548
723,175.74988341333713,136.51301964519834,164.00461,-0.19562201871317586
724,169.96117087788662,122.40075309961468,158.56882,-0.189743976808415
725,163.98831990375012,213.8158853141168,152.10724,-0.1978839171250588
726,157.84902729454265,96.47964247101206,148.53015,-0.15520941662424648
727,151.5613705084784,147.07192336308,139.39453,-0.2026433271770551
728,145.1437543105792,115.61423985468318,133.77463,-0.18935712040317676
729,138.61485687021917,69.5847604191468,126.51523,-0.20152390812146767
730,131.99357547171405,188.65355957288187,119.18567,-0.21332054591533386
731,125.29897200602518,100.66200908090809,114.42499,-0.1811103355433088
732,118.5502184114396,26.62280666931285,103.37808,-0.25269768768003736
733,111.76654223034822,57.74160668627974,100.49359,-0.18775527755050359
734,104.96717244796542,50.502160056047046,91.69116,-0.22111699263012996
735,98.17128577702225,89.15182254711733,87.08826,-0.18459205485565702
736,91.39795355013004,135.14437468178883,79.986664,-0.1900593629537739
737,84.66608937864181,-31.002405133391747,75.2435,-0.15693680759808282
738,77.99439773349967,107.2364283783019,65.95007,-0.20060279721529137
739,71.40132359968047,83.27283166177317,62.232727,-0.15270645652019238
740,64.90500335154094,74.32304344524702,52.66748,-0.20382058977610226
741,58.52321699154272,53.13549455512425,50.081085,-0.14060691008835666
742,52.273341889629684,-60.0246323711501,43.74228,-0.14208809049731724
743,46.17230815482144,-31.234917482048658,38.946503,-0.12034853347861858
744,40.23655576454574,140.05039103669617,31.134766,-0.1515937704083325
745,34.481993570757474,57.38918530840675,27.724243,-0.11255289870707363
746,28.923960295068138,-26.60704626195273,18.194092,-0.17871003359651957
747,23.577187617954042,110.27032947800936,18.194092,-0.08965750467494718
748,18.45576545963321,-5.338104234699426,13.608749,-0.08072889288957406
749,13.573109542448215,152.4961619471107,4.376663,-0.15317030527197897
750,8.941931316555632,-84.41985462298473,-0.21743774,-0.1525527692008147
751,4.5742103224826,32.17452586069945,-5.328827,-0.16493884485195373
752,0.4811690556559505,-49.857580419350214,-5.1973267,-0.09457750207482778
753,-3.326749610641045,-110.42402382142683,-14.464447,-0.18550257897520908
754,-6.839902396184236,-49.98765232245097,-14.464447,-0.12698968550965964
755,-10.04946293979652,-2.9864519488371224,-14.464447,-0.07353323609691956
756,-12.94743645058773,-75.88353217579807,-22.223602,-0.15449806397599364
757,-15.526671663639355,39.90310177622506,-21.951813,-0.10701316409908639
758,-17.78087008839497,-9.459524841505424,-26.694977,-0.14846783176969064
759,-19.704592547042083,-52.51736897727457,-26.694977,-0.11642750385019215
760,-21.293263009190994,48.05824844642309,-30.955917,-0.16093517676094593
761,-22.543169738067014,-151.05680014304403,-30.955917,-0.14011750564525946
762,-23.451463772285635,-30.61055620928667,-33.305588,-0.16412417642714464
763,-24.016154775975863,-52.41307896109849,-33.305588,-0.15471903336708506
764,-24.236104298546095,72.01624958541436,-33.305588,-0.15105569056146878
765,-24.11101649377099,2.437271754074981,-33.305588,-0.1531390754415014
766,-23.6414263559829,-19.747081302568745,-33.305588,-0.16096027747345878
767,-22.82868553907862,-99.19718354396885,-33.305588,-0.1744967843485137
768,-21.67494583165616,-55.59113356689627,-30.955917,-0.1545781044410521
769,-20.183140368937842,0.5582132385424003,-30.955917,-0.17942469080944576
770,-18.356962669151955,59.494364496529656,-29.59697,-0.18720658294908482
771,-16.20084358869788,-99.08325456242925,-27.48404,-0.18792590852061328
772,-13.719926296756576,-99.32137704059502,-22.223602,-0.14163195230043565
773,-10.920039375896351,-19.36701785820947,-22.223602,-0.18826513198736716
774,-7.80766816077282,-65.19186936910245,-22.223602,-0.24010285623470815
775,-4.38992443209078,36.359797448913525,-18.655273,-0.23759480374359293
776,-0.6745145876883285,-60.48184116561464,-10.589264,-0.16513391434991168
777,3.330293583222357,84.95720269245582,-11.965744,-0.2547613136328298
778,7.615705392851936,-25.487946853190806,-5.328827,-0.2155960999991984
779,12.17243488160996,-134.4708781208911,-0.21743774,-0.20635803258701124
780,16.99074144302019,60.7941834183966,4.376663,-0.21009226213236407
781,22.06046730863939,52.209135558455344,4.376663,-0.2945304712234186
782,27.371075753064574,-94.87991232158208,14.669586,-0.21154813112735305
783,32.911689877824664,54.76927691713757,18.194092,-0.24512718380001555
784,38.67113183217758,56.525785105268554,27.724243,-0.18232458692160491
785,44.63796232857065,4.966345980860076,30.819122,-0.2301580269696442
786,50.800520310739714,53.0139001396987,36.88617,-0.2317487966555466
787,57.14696263319616,54.06765092235861,41.34877,-0.2631248939735454
788,63.66530361205656,56.14104467992695,50.081085,-0.22625031502505172
789,70.34345430893237,-56.563707876550666,58.576706,-0.19597966163398794
790,77.16926141179343,119.66705758371626,65.95007,-0.18685983850161633
791,84.13054557942885,88.67032756614901,72.323975,-0.196642922051964
792,91.21513911927514,174.69075692793598,79.986664,-0.18701451919958342
793,98.41092287199686,81.51526865325411,86.38687,-0.20026514341608748
794,105.70586218024418,131.89230120071267,94.61069,-0.1847943508189283
795,113.08804182347522,108.3830880313181,94.61069,-0.3077473555346451
796,120.5456998056072,185.15637855033745,107.08667,-0.22416525264064308
797,128.067259887492,176.23548629656904,114.42499,-0.22721722123208352
798,135.64136276184624,72.68196328161198,121.246,-0.23976019562247458
799,143.25689577419877,146.1270706728976,133.22229,-0.16713016831063787
800,150.9030210997064,105.7965458653284,139.39453,-0.19167826782150874
801,158.5692022922525,128.8242563632708,148.53015,-0.1672042046365854
802,166.2452291290736,168.98905571712257,152.10724,-0.23547359714301744
803,173.9212406812513,183.40205171893822,159.31406,-0.24328820010430127
804,181.58774654769803,87.90527800900286,167.69568,-0.23137766415782926
805,189.23564619775567,170.07760007103846,179.39136,-0.1639603670974839
806,196.85624637518333,110.58168518354765,184.67813,-0.20283113345783424
807,204.44127652408486,170.4254772666924,193.62961,-0.1800724415145073
808,211.98290220522549,100.59989183844935,199.62653,-0.20580013900259841
809,219.47373647915464,274.40787836964466,208.66571,-0.1800117769614005
810,226.90684924053878,269.9784948452117,215.91635,-0.18305091560496822
811,234.27577449617928,337.0342577931996,222.80753,-0.1910080388833849
812,241.57451558715613,301.1629455884103,230.25977,-0.18845145643803984
813,248.79754836354772,64.58647182514721,240.50009,-0.13819729344081208
814,255.93982232804981,257.18234665857665,248.55734,-0.12295800391989267
815,262.9967597726304,310.0227972774982,256.24634,-0.1124308393459822
816,269.964252940018,193.38682337633986,262.0153,-0.13239300725983746
817,276.8386592493334,385.39403538670945,269.70428,-0.11882571732733994
818,283.61679463249993,269.3633394885784,278.6032,-0.08350314805666424
819,290.29592503517,308.42564731015955,284.7491,-0.09238422722989414
820,296.8737561428061,252.97377664752543,292.3417,-0.0754830270786923
821,303.34842139913326,190.55922741860218,300.42526,-0.04868632210041671
822,309.71846839053137,282.70355265265766,304.94043,-0.07958004865465007
823,315.98284367593,379.73098576890027,313.3396,-0.04402423347661605
824,322.14087614747075,292.82857726832015,320.9322,-0.020131127658257
825,328.1922590125117,262.4443834757429,328.05127,-0.002348233339232627
826,334.1370304925265,373.107785516776,332.88208,-0.02090167561302575
827,339.975553339003,302.58066361110946,340.3344,0.005976920934271168
828,345.7084932706234,313.179409872305,350.11005,0.07330953826570398
829,351.3367964397381,435.14775624454103,350.11005,-0.020431987887506924
830,356.86166603946447,433.96838046796336,360.38544,0.058689743396580084
831,362.2845381656001,351.3428200960594,368.3813,0.10154366025028848
832,367.60705704993916,358.07563614864245,371.12555,0.05860182454755282
833,372.83104978354083,350.76325845810584,381.5324,0.14492445247985836
834,377.95850064994795,543.5534496711488,385.35498,0.1231911795691329
835,382.9915251893684,435.28591460993437,391.38696,0.13982920237109178
836,387.93234411534047,378.9978533394208,397.2348,0.15493597198857406
837,392.783257205435,522.7819268939218,404.1084,0.18862452698357696
838,397.5466172871203,420.93408196747254,405.54626,0.1332371639915298
839,402.2248044389629,479.5799459552901,414.59424,0.20601761688852926
840,406.8202005259903,423.0248111458592,416.72473,0.1649637228683563
841,411.3351641861228,404.01641373146987,423.78247,0.20731461585146405
842,415.7720063823097,418.12805493890426,427.86804,0.2014640655279209
843,420.1329666321883,466.76028070179774,432.3482,0.2034494421521763
844,424.4201900238954,443.51734706199665,438.70453,0.23791108572741473
845,428.63570512300987,352.5309468066421,444.38586,0.26232488017957467
846,432.78140287153684,456.87102755326833,447.20892,0.24029583102903665
847,436.85901657540865,339.60330421180237,448.76074,0.19822775874201753
848,440.87010307211176,454.78428320991384,451.7417,0.1810705613904478
849,444.81602516488374,501.9554034665769,458.3874,0.2260362361827342
850,448.697935404344,319.386951053025,468.22437,0.3252201023276803
851,452.5167612925917,512.3233750001597,468.22437,0.2616161072831062
852,456.27319197860936,430.2478954359594,474.20374,0.2986400074822826
853,459.9676665073963,414.14759783108036,475.76434,0.2630996487938048
854,463.6003636785471,407.9991413777532,479.63074,0.2669919589205334
855,467.1711935630849,528.5970193009855,484.60187,0.29031449516967583
856,470.67979072023434,513.0798988968495,486.8551,0.2694059595477559
857,474.12550914853944,492.72509898036117,492.44873,0.30518020778005917
858,477.5074189982905,426.03368005296386,492.44873,0.24885321523852044
859,480.82430506468233,513.9894989620655,498.45435,0.2936350203485394
860,484.07466707348976,518.2784907948075,504.28467,0.33660523794731
861,487.2567217633466,476.5164400416848,504.28467,0.283606908971886
862,490.3684067610012,393.59431359018964,507.49353,0.28522543391537364
863,493.4073862381946,585.779254591903,511.9474,0.3087907632641542
864,496.3710583311241,617.8778759552215,511.9474,0.2594296793528563
865,499.2565642958151,560.766747794405,516.97986,0.2951881921995604
866,502.0607993651991,514.5753342084716,516.97986,0.24848259244812426
867,504.7804252662625,457.51989181650345,523.3713,0.3096376915201178
868,507.41188434836477,497.75914458407357,523.3713,0.265809741433912
869,509.9514152667292,607.0830868431414,528.20215,0.3039728901299022
870,512.3950701582072,514.8087395015713,530.3326,0.2987560460994449
871,514.7387332397691,586.4850166930197,535.69824,0.3490885791234346
872,516.9781407537499,419.4319940140667,535.69824,0.3117903967526808
873,519.1089021777733,586.5472204044459,535.69824,0.27630175625932263
874,521.1265226114397,555.3329047079453,539.1438,0.3000845759240964
875,523.0264262463932,499.4236031447389,539.88904,0.2808532023367762
876,524.8039808212199,485.3928484255466,539.88904,0.2512473560171853
877,526.4545229578978,579.7822977345546,539.88904,0.2237569500771819
878,527.9733842721027,499.3913067696752,541.4409,0.22430688687334624
879,529.355918145734,597.6002526371085,541.4409,0.2012802603078322
880,530.5975270464801,409.3471958207069,546.789,0.2696751537793985
881,531.6936902761279,422.4247076131248,546.789,0.2514181390144351
882,532.6399920266903,489.7407299583009,545.2722,0.21039449956527
883,533.4321496212275,630.649577440084,545.2722,0.1972008140734743
884,534.0660418145442,576.7337563246981,542.66833,0.14327445834568595
885,534.5377370277122,534.9383403288726,545.2722,0.1787868360652593
886,534.8435213896319,462.6550549897048,542.493,0.1274046533296625
887,534.979926458627,567.5200726859204,542.66833,0.12805336262816733
888,534.9437564972882,536.8241768015648,542.493,0.12573519955585083
889,534.7321151745786,608.838382747825,542.493,0.12926016613845323
890,534.3424315704362,643.7006846817555,539.1438,0.07996859458951228
891,533.7724853598829,539.4201518302098,539.1438,0.08946126511509661
892,533.0204310558644,439.7436439510386,539.1438,0.10198701507747437
893,532.0848211927927,597.9832982787398,535.69824,0.060182898557541276
894,530.964628335947,545.6282808370738,535.69824,0.0788401358867008
895,529.6592658055545,658.0533601924603,535.69824,0.1005814444312911
896,528.1686070085138,661.7760917041527,529.3156,0.0191038168184313
897,526.4930032752434,588.1382628298269,529.3156,0.04701163316470281
898,524.6333001041702,459.27859556437886,528.20215,0.05944052395960437
899,522.5908517217327,565.5683611172088,528.20215,0.09345827721594835
900,520.3675338715827,548.5040459248617,516.97986,-0.056423021188175715
901,517.9657547528116,502.83956426033666,516.97986,-0.016420478092769215
902,515.3884640335434,447.7977142911723,516.97986,0.02650527734458492
903,512.6391598730681,538.9202240657843,516.97986,0.07229598195278446
904,509.7218938928272,535.6372753445021,511.9474,0.03706644422324151
905,506.6412740439714,570.3255338530665,507.49353,0.014194651073904245
906,503.4024653269,481.8211088301298,504.28467,0.014693419941772423
907,500.0111883260529,385.3339221057787,498.45435,-0.02592980496403923
908,496.4737155313419,486.5759865093554,498.45435,0.03298814748766436
909,492.7968654258546,478.5431972511971,492.44873,-0.005798319885352152
910,488.9879943278587,504.1049130929128,490.46722,0.024637133818604044
911,485.0549859836393,483.424783562769,486.8551,0.0299816246724274
912,481.00623891628277,385.41109852277896,479.63074,-0.022909501571398712
913,476.8506515441442,568.5669711234729,475.76434,-0.01809287687739378
914,472.59760509137925,559.5323657673524,474.20374,0.026750709275334555
915,468.2569443215298,487.28549067567735,467.44403,-0.01353938397375121
916,463.83895613375375,420.3327638808999,461.92938,-0.03180467679678471
917,459.35434606974354,427.57348850300644,458.3874,-0.0161050181841757
918,454.81421278778777,491.309867341174,455.8711,0.01760275368670882
919,450.2300205686465,544.2271995000467,448.76074,-0.024471389272063444
920,445.6135699259816,412.81170195787394,448.76074,0.05241734888779832
921,440.9769664019271,356.1286657655327,447.20892,0.10379560885901766
922,436.332587636015,519.7930173943952,438.70453,0.03950558077313823
923,431.69304880301104,482.69565733067867,435.26776,0.059538192673697816
924,427.07116652229695,431.36646515584306,427.86804,0.01327226349701899
925,422.47992134815684,419.3359489356567,427.86804,0.08974119500895752
926,417.9324189567368,448.83341076432504,420.1703,0.03727255998816929
927,413.4418501514618,422.2687384158124,414.59424,0.01919346182344763
928,409.02144981432116,428.69296390511363,414.59424,0.09281690771129743
929,404.6844549356594,505.67028336562765,405.54626,0.014353767965592111
930,400.4440618598551,354.981284714007,401.08368,0.010653069627633
931,396.31338288860894,362.59383873993346,397.2348,0.015346589229898084
932,392.3054023873728,366.2274772473978,391.38696,-0.015296958517973294
933,388.4329325438131,368.00386787438396,391.38696,0.04920049696907235
934,384.70856893001735,314.7290286404643,385.35498,0.010766229597645387
935,381.1446460224703,245.65600532478086,381.5324,0.006458350736191151
936,377.75319283560225,371.807636376754,375.55298,-0.03664540484432692
937,374.54588882594044,413.39222837728687,371.7743,-0.04616199754539425
938,371.53402022458556,366.54732024268,368.3813,-0.05250997514981437
939,368.7284369558496,312.0484131486349,368.3813,-0.005781920626306464
940,366.1395102994741,348.04449252028286,368.3813,0.03733763576133195
941,363.77709145283166,359.08746263446943,362.9455,-0.013850544565944771
942,361.65047114798205,343.63570051484453,360.38544,-0.02106962382907373
943,359.7683404763123,384.79778047730616,356.2735,-0.05820791940028856
944,358.13875307083816,367.71597690785006,352.59998,-0.09225044189282725
945,356.76908879301186,355.35711938617277,350.11005,-0.11090887948437461
946,355.6660190671263,295.535356403454,350.11005,-0.09253683440241386
947,354.8354740011117,391.55590123025996,350.11005,-0.07870379099877094
948,354.28261142770725,350.83670301851157,345.437,-0.14732682152025567
949,354.0117879946747,337.300869546696,345.437,-0.14281615442082932
950,354.0265324269184,353.2427943739942,345.437,-0.1430617285377975
951,354.32952107709605,385.5154670940951,345.437,-0.14810811954079378
952,354.9225558745741,403.91928842124935,343.10492,-0.19682722167142003
953,355.80654477542316,280.65426018769324,345.437,-0.17270851001112844
954,356.9814848085702,369.4749569455201,345.437,-0.19227758234719308
955,358.44644780528,377.6117547775454,350.11005,-0.13884593066877102
956,360.19956889081817,390.08869103825214,350.11005,-0.16804482794771264
957,362.23803780848505,359.65046509660795,350.11005,-0.20199630170743801
958,364.5580931372868,376.27804663757627,350.11005,-0.24063770405321358
959,367.1550194552522,403.1932329219875,352.59998,-0.24241978168903636
960,370.02314749094717,389.9304637038827,357.39575,-0.21031406686677934
961,373.15585729605147,396.9213452683174,357.39575,-0.2624905380521076
962,376.54558446198024,405.3390535060965,360.38544,-0.2691533912318929
963,380.183829393547,286.5329309836963,362.9455,-0.28711099403820767
964,384.06116964248673,391.76483306957647,368.3813,-0.26115440482933283
965,388.1672752935072,396.26185213580743,371.5025,-0.2775581188883012
966,392.4909273852261,296.5491252170765,375.55298,-0.28210796917522996
967,397.0200393381182,384.0017796309284,380.10327,-0.28175519131441906
968,401.7416813513448,350.1959098457863,385.35498,-0.2729267246618893
969,406.64210772015707,332.44443113823854,385.35498,-0.3545451863564739
970,411.7067870154711,372.94987743852795,391.536,-0.3359519369760598
971,416.92043505727804,374.3078036712952,401.08368,-0.26376718148318823
972,422.2670506037273,446.1561816213924,401.08368,-0.35281709333388045
973,427.7299536681702,493.5677014634041,405.54626,-0.36947776300136087
974,433.2918263670399,392.6995713137485,414.59424,-0.31141542839486636
975,438.9347561924113,364.34007500707025,420.1703,-0.3125293405313826
976,444.64028159423384,337.6581558044396,427.86804,-0.27934801841004114
977,450.3894397487976,513.0105292414436,435.26776,-0.25185729689990033
978,456.1628163818776,407.4261188148989,439.10785,-0.28405695490820515
979,461.94059750727985,475.55112917851943,447.20892,-0.2453616263646492
980,467.7026229342249,431.0836331666885,448.76074,-0.3154842154121937
981,473.42844139013783,475.33214479506125,455.8711,-0.29242429086276095
982,479.0973670990402,531.3417009748655,461.92938,-0.28593930451333377
983,484.6885376498295,435.0746922134099,468.9784,-0.2616584145017039
984,490.1809729833811,502.4361328360046,475.76434,-0.24011444150883224
985,495.553635322539,433.57517131647705,479.508,-0.26724622146097565
986,500.7854898647946,522.2179721319966,489.94122,-0.1806153794181384
987,505.85556605373466,496.50350377150215,492.44873,-0.22329593677863693
988,510.7430192422027,540.2077452863624,499.4275,-0.1884644317394766
989,515.4271925576161,488.0115126485843,499.4275,-0.2664811167259152
990,519.8876787779217,452.1236081216674,511.0268,-0.14758139292540048
991,524.1043820254347,486.4241047723714,511.0268,-0.21781218644877876
992,528.0575790850904,427.29750481078275,516.97986,-0.1845036438627348
993,531.727980153621,594.7130411436257,516.97986,-0.24563556718316187
994,535.0967888267796,577.8108315808721,523.3713,-0.19529285365260785
995,538.1457611329505,555.2181256603546,529.4821,-0.14429628732926444
996,540.8572634233707,507.23960891608994,529.4821,-0.1894573874396368
997,543.2143289316796,658.8248862801187,542.4316,-0.013036987471066378
998,545.2007128186514,543.2473269494715,542.4316,-0.04612096526968456
999,546.8009455216945,466.9418578881403,541.33563,-0.09102686629392255
